0.3708566325652137,0.3357124454628189,0.2865752665080561,0.23196234890394812,0.16892547259966334,0.12146660776613487,0.18560556340308598,0.23563549609830808,0.2842554307337254,0.32543014364180817,0.351791536114398,0.3338869219950842,0.28227760211468056,0.21458488686010083,0.15823613908349424,0.1312060789106933,0.1660881649723221,0.2190481495492424,0.2752173412734227,0.3162138019087253,0.34312811676714877,0.28858065213919376,0.23341397524898444,0.16936656126880834,0.08865010312231615,0.022207227292188006,0.09475181024457512,0.16936656126880834,0.22309917799113063,0.2686621316320191,0.3147608481023561,0.28769684082853236,0.23341397524898444,0.1602665744751059,0.08865010312231615,0.022207227292188006,0.09475181024457512,0.16785622273140946,0.22309917799113063,0.2686621316320191
0.39720055661569725,0.3633275065775658,0.31488054121170783,0.26095166002254305,0.19586933616500077,0.1302379806643055,0.1878024199162391,0.24315386323610422,0.2914236501881973,0.3231078598351232,0.349059933454266,0.3489168910894191,0.29505533146311036,0.23479819203520264,0.1648717326394067,0.12989612463383263,0.16623279196011886,0.22649084064348524,0.27076581154477436,0.3212485113119452,0.3595986514642576,0.30440127894008506,0.2577329177562468,0.18357723455838731,0.10242209406295269,0.029976028761653683,0.09000979792874823,0.16309161091167038,0.21895591469618716,0.2648003710771315,0.3207819902260222,0.30440127894008506,0.2577329177562468,0.18357723455838731,0.10242209406295269,0.029976028761653683,0.09000979792874823,0.16309161091167038,0.21895591469618716,0.2648003710771315
0.3934162549155212,0.3600217314408399,0.31235604785658255,0.2465945248763614,0.18295705796446726,0.13153804439422848,0.19406169146970448,0.2417974050599424,0.28894830592239495,0.3293580896798703,0.35503577727478247,0.34555302130992166,0.29231857370631115,0.22075946534614185,0.1650102948985449,0.1312060789106933,0.1588152759778134,0.2205704070821015,0.27752620273854617,0.3274971478933805,0.35618157736089057,0.3015711081483861,0.24615418796171812,0.17288651570491076,0.10174489572583367,0.030278325902467686,0.08934068163222485,0.16162898632921957,0.2261783311112896,0.2715900248200291,0.3270302578332471,0.3015711081483861,0.24615418796171812,0.17288651570491076,0.09324594461648622,0.030278325902467686,0.08934068163222485,0.16162898632921957,0.2261783311112896,0.2715900248200291
0.3971006250544993,0.3617725026558737,0.31229048435636453,0.2566307302467102,0.1889898154274904,0.1312060789106933,0.18100577629015865,0.2435968429761351,0.2823714036364322,0.3219535186446894,0.34880834157733126,0.3583777406024887,0.3058637706592428,0.23508478763421523,0.16572916810330185,0.1312060789106933,0.1672383895514946,0.22697706944937115,0.2708202541041422,0.31256930621764734,0.3689075029545057,0.3031877642477077,0.25771749622406753,0.18361103186868769,0.09901558434061884,0.020185550601645126,0.09008605467535556,0.16309843594135454,0.21776436957181777,0.2647337500363328,0.31126300500251913,0.3031877642477077,0.25633037094166583,0.18361103186868769,0.09901558434061884,0.020185550601645126,0.08721339736879125,0.16309843594135454,0.21776436957181777,0.2647337500363328
0.3934162549155212,0.3600217314408399,0.31235604785658255,0.25477105949485085,0.19656342006861013,0.13153804439422848,0.18835973719882168,0.2417974050599424,0.28894830592239495,0.32009129107457185,0.3457003827734185,0.35489229215613577,0.3015711081483861,0.2294770808537683,0.15775145900190018,0.1312060789106933,0.1588152759778134,0.2205704070821015,0.2684197093172496,0.30885626528630156,0.3654879047336462,0.3015711081483861,0.2553715904086767,0.18198065987990403,0.10174489572583367,0.030278325902467686,0.08934068163222485,0.16162898632921957,0.21692672589415474,0.26227750327701416,0.3083611523308077,0.3015711081483861,0.2553715904086767,0.18198065987990403,0.10174489572583367,0.030278325902467686,0.08934068163222485,0.16162898632921957,0.21692672589415474,0.26227750327701416
0.40600011256397167,0.3712232730295324,0.3215001471246585,0.2566928085960521,0.1890108909687728,0.12147987785606539,0.18102778134832065,0.23922696672284646,0.2893141535474463,0.3314424271099785,0.3489168910894191,0.35848917968031624,0.3059563651286323,0.2351470251889845,0.16575320126532975,0.13154453069492061,0.16157931923950705,0.22703080776602813,0.27090032037272765,0.3220528248862798,0.3690215340957658,0.3126656654817857,0.2564090283612249,0.18366540983814722,0.099043517113638,0.020185550601645126,0.08723908456618613,0.16157898286143457,0.21783155587108144,0.2642380358947122,0.32078514477925824,0.3126656654817857,0.2564090283612249,0.18171387943166128,0.099043517113638,0.020185550601645126,0.08723908456618613,0.16157898286143457,0.21783155587108144,0.2642380358947122
0.3935115311771178,0.36002292541117104,0.31216930194505754,0.246033952107914,0.1816705740709023,0.13017346360831603,0.19285593135900742,0.24968055343097234,0.2979250096195306,0.33764848673234826,0.35500068222149567,0.34565855900514053,0.29234832098582564,0.22051138006007157,0.1578746242576624,0.12983780405411982,0.1578746242576624,0.22014416806660228,0.2774698565778125,0.32834426550982415,0.356262880453044,0.300445715877401,0.24615866817808016,0.17283864215064987,0.08925834511308778,0.022051706508911004,0.09810852271810415,0.17080673832255747,0.22509899115489887,0.2716569552932285,0.3271268128809601,0.300445715877401,0.24615866817808016,0.17283864215064987,0.08925834511308778,0.022051706508911004,0.09810852271810415,0.17080673832255747,0.22509899115489887,0.2716569552932285
0.39351255616397635,0.36002740670538586,0.3121809303608835,0.24606018088953371,0.18172607054829587,0.13023163387241113,0.19290821002233985,0.24970227121855584,0.2888596754387281,0.32940802232439664,0.3551412741900305,0.34565855900514053,0.2923507737250337,0.22052438684548117,0.1504691933103071,0.12989612463383263,0.1579154964341651,0.22016452472799114,0.2774756711257755,0.3182602217329363,0.3562640126058859,0.30160788561900737,0.24616158114864453,0.17284279080966877,0.09309533098287681,0.029976028761653683,0.08926286384423257,0.1616202779019479,0.22620591421425554,0.27165761518460285,0.31778931380825975,0.30160788561900737,0.24616158114864453,0.17284279080966877,0.09309533098287681,0.029976028761653683,0.08926286384423257,0.1616202779019479,0.22620591421425554,0.27165761518460285
0.3835480197928517,0.3492504055878627,0.30043519628365195,0.24606018088953371,0.18172607054829587,0.13023163387241113,0.17926608275729003,0.23696548561633118,0.2866042371841066,0.3283454939275592,0.35500068222149567,0.3458029491908669,0.29388354359838753,0.22433967446402198,0.16563004076502902,0.1398881342210505,0.16563004076502902,0.22487566190255975,0.27980470222886394,0.31904352370084715,0.35556271654954424,0.30044705836208624,0.24473790520567779,0.17080909971584518,0.09811263384129323,0.019984019174435787,0.08642139540483439,0.16006846332475239,0.22509978753333346,0.27110577109499645,0.31763218935607507,0.30044705836208624,0.24473790520567779,0.17080909971584518,0.08926286384423257,0.019984019174435787,0.08642139540483439,0.16006846332475239,0.22509978753333346,0.27110577109499645
0.3935356992419407,0.3601285776712972,0.31244338007584,0.24665167367276258,0.18297467774350124,0.13153824694479033,0.19408489243739993,0.2418556873846435,0.28903128052336735,0.3294571700457885,0.355144123548455,0.34565855900514053,0.29240615010723575,0.22470474407731664,0.15883557384992103,0.1312060789106933,0.17257657278557825,0.22062366989261642,0.27760692884588767,0.31827293973604653,0.35628957520138504,0.3016615626666375,0.24622734567165797,0.18203350490170248,0.09326908584156283,0.030278325902467686,0.09820541552486928,0.1616766184339573,0.22624617199997815,0.2716725148382021,0.3177924980681678,0.3016615626666375,0.24622734567165797,0.17293643935788766,0.08936483413966904,0.03168678408494001,0.09820541552486928,0.1616766184339573,0.22511776868625727,0.2716725148382021
0.3935979457286668,0.36010380743096254,0.30049612758741456,0.24610113430463626,0.1817387548016514,0.130231780155862,0.1929248989771179,0.24139064279179168,0.2889190257371325,0.3294788604649488,0.3552187258304225,0.34573400230416085,0.2924133896159017,0.2243807715878203,0.15793009306012382,0.12989612463383263,0.16564395758299102,0.22020268096570075,0.27753340594834924,0.31832941123387226,0.3563412202164062,0.30051198112745686,0.24621389205086008,0.17287849842207806,0.0892801494293294,0.029976028761653683,0.09813204913777465,0.16165433974643048,0.22514853053946587,0.2623986304857779,0.31785860581354497,0.30051198112745686,0.24621389205086008,0.17287849842207806,0.0892801494293294,0.019984019174435787,0.09813204913777465,0.16165433974643048,0.22514853053946587,0.2623986304857779
0.39351255616397635,0.35849894109676766,0.309450559760261,0.24606018088953371,0.18172607054829587,0.12026750214127414,0.17926608275729003,0.23696548561633118,0.2866042371841066,0.3283454939275592,0.3551412741900305,0.34565855900514053,0.2923507737250337,0.22433967446402198,0.16414821088397136,0.12989612463383263,0.16563004076502902,0.22016452472799114,0.2774756711257755,0.31904352370084715,0.3562640126058859,0.30044705836208624,0.24616158114864453,0.18194453875807515,0.09811263384129323,0.019984019174435787,0.08926286384423257,0.1616202779019479,0.22509978753333346,0.2623417041093176,0.31778931380825975,0.30044705836208624,0.24616158114864453,0.18194453875807515,0.09811263384129323,0.019984019174435787,0.08926286384423257,0.1616202779019479,0.22509978753333346,0.2623417041093176
0.3935979457286668,0.35857566748843145,0.30049612758741456,0.24139064279179168,0.1817387548016514,0.12026766054425608,0.1852691264976185,0.2455127804022064,0.28666405444389104,0.32841656125132274,0.3550781645285976,0.34587836099537156,0.2924133896159017,0.2243807715878203,0.15793009306012382,0.12989612463383263,0.16564395758299102,0.22020268096570075,0.27753340594834924,0.31911254336747563,0.3563412202164062,0.30051198112745686,0.2447905203427927,0.1708452323816356,0.0892801494293294,0.022060697859333657,0.09555468481463035,0.16937795650432141,0.22514853053946587,0.27171658624084305,0.3271982818711238,0.30051198112745686,0.2447905203427927,0.1708452323816356,0.0892801494293294,0.022060697859333657,0.09555468481463035,0.16937795650432141,0.22514853053946587,0.27171658624084305
0.39339310481071954,0.35839160902790734,0.30936238267654126,0.24129048533711242,0.18170832969514503,0.12026728060886205,0.1792446797175712,0.23690600023386307,0.2865205597270955,0.32824607800478994,0.35489229215613577,0.3456974555764133,0.2922631807306261,0.22428218608111655,0.15789508028347216,0.12989612463383263,0.16561057565113552,0.2201111508129018,0.2773949068204577,0.31894697225360125,0.35615600701399874,0.3003562380870402,0.24466430213467194,0.17996026522062725,0.09808547443028427,0.019984019174435787,0.08639642004978407,0.16002035253279256,0.2250316010412678,0.27102310857977313,0.3176923811881724,0.3003562380870402,0.24466430213467194,0.17075855410648552,0.08923868373846626,0.019984019174435787,0.08639642004978407,0.16002035253279256,0.2250316010412678,0.27102310857977313
0.3928777552633279,0.35849894109676766,0.309450559760261,0.24134889007574864,0.173577064454909,0.12026750214127414,0.17926608275729003,0.23696548561633118,0.2866042371841066,0.3283454939275592,0.35500068222149567,0.3458029491908669,0.29388354359838753,0.22433967446402198,0.1579154964341651,0.12989612463383263,0.16563004076502902,0.22016452472799114,0.2774756711257755,0.31904352370084715,0.3562640126058859,0.30044705836208624,0.24473790520567779,0.18001370335269293,0.09811263384129323,0.019984019174435787,0.08642139540483439,0.16006846332475239,0.22509978753333346,0.27110577109499645,0.31778931380825975,0.30044705836208624,0.24473790520567779,0.17080909971584518,0.08926286384423257,0.019984019174435787,0.08642139540483439,0.16006846332475239,0.22509978753333346,0.27110577109499645
0.3935115311771178,0.36002292541117104,0.31216930194505754,0.246033952107914,0.1816705740709023,0.12021383049279588,0.1852043254909282,0.23694657237111044,0.28885207307415,0.3201346867963481,0.3458028195908061,0.35500068222149567,0.29234832098582564,0.22051138006007157,0.15043315008782462,0.12983780405411982,0.1578746242576624,0.22014416806660228,0.27548550679020567,0.3182596584691486,0.36557274992167593,0.3108677771263777,0.25538143829819143,0.18194059763970816,0.09810852271810415,0.029962570166335342,0.08925834511308778,0.16161778225107518,0.22620413112089757,0.2623410207847452,0.3182596584691486,0.30160550816119674,0.25538143829819143,0.18194059763970816,0.08925834511308778,0.029962570166335342,0.08925834511308778,0.16161778225107518,0.22620413112089757,0.2623410207847452
0.4066268706914512,0.3727294242272276,0.31514074269444603,0.2566928085960521,0.18352047137681704,0.12147987785606539,0.18102778134832065,0.24365690629683506,0.29159374635856466,0.32315796572286914,0.34906283245395586,0.3583470773350791,0.3044544634970375,0.2314355926161525,0.1585283858633158,0.12111330360987074,0.15946400922861784,0.222269748945205,0.2780924268149552,0.32126111101542987,0.3690215340957658,0.3138038673504171,0.2577957304108385,0.18366540983814722,0.10258005203327673,0.030278325902467686,0.09011092299111494,0.16314744334159895,0.2283408476227781,0.26481565654869027,0.32126111101542987,0.3138038673504171,0.2577957304108385,0.18366540983814722,0.10258005203327673,0.030278325902467686,0.09011092299111494,0.16314744334159895,0.2283408476227781,0.26481565654869027
0.4028281637185009,0.36775220769439304,0.31848475825109807,0.2542588250785004,0.1871675608626776,0.11990411504661473,0.17926608275729003,0.23696548561633118,0.2774756711257755,0.31904352370084715,0.34565855900514053,0.3551412741900305,0.30160788561900737,0.2329284794033431,0.16414821088397136,0.12989612463383263,0.16563004076502902,0.22016452472799114,0.26836180408898447,0.30974397037029205,0.3655738532426015,0.30974397037029205,0.2540122661457712,0.18001370335269293,0.09811263384129323,0.019984019174435787,0.08642139540483439,0.16006846332475239,0.21579614648237452,0.2617702216605387,0.3084519494767766,0.30974397037029205,0.2540122661457712,0.18001370335269293,0.09811263384129323,0.019984019174435787,0.08642139540483439,0.16006846332475239,0.21579614648237452,0.2617702216605387
0.4028281637185009,0.36775220769439304,0.31848475825109807,0.2542588250785004,0.1871675608626776,0.11990411504661473,0.17926608275729003,0.23696548561633118,0.2866042371841066,0.31904352370084715,0.34565855900514053,0.35500068222149567,0.30160788561900737,0.2329284794033431,0.16414821088397136,0.12989612463383263,0.16563004076502902,0.22016452472799114,0.2774756711257755,0.31904352370084715,0.3655738532426015,0.30974397037029205,0.2540122661457712,0.18001370335269293,0.09811263384129323,0.019984019174435787,0.08642139540483439,0.16006846332475239,0.21579614648237452,0.2623417041093176,0.31778931380825975,0.30974397037029205,0.2540122661457712,0.18001370335269293,0.09811263384129323,0.019984019174435787,0.08642139540483439,0.16006846332475239,0.21579614648237452,0.2617702216605387
0.4029155980280942,0.35857566748843145,0.3095135939803888,0.2543019791248751,0.1871822172467683,0.11990411504661473,0.17928138509414687,0.22856879820871356,0.2798619565785513,0.31911254336747563,0.34587836099537156,0.3552187258304225,0.30167255856356306,0.23297174121294667,0.16416492241200908,0.12989612463383263,0.16564395758299102,0.22020268096570075,0.26841745371664183,0.3098109418663702,0.3656531068327122,0.3098109418663702,0.2540669347564821,0.18198233381486875,0.09813204913777465,0.019984019174435787,0.0892801494293294,0.1524820790307073,0.21584284218681196,0.2623986304857779,0.30851920143712125,0.3098109418663702,0.2540669347564821,0.18198233381486875,0.09813204913777465,0.019984019174435787,0.08643924921103903,0.16165433974643048,0.21584284218681196,0.2623986304857779
0.4028281637185009,0.36775220769439304,0.31848475825109807,0.2542588250785004,0.1871675608626776,0.12989612463383263,0.17926608275729003,0.24134889007574864,0.27980470222886394,0.31904352370084715,0.34565855900514053,0.3551412741900305,0.30160788561900737,0.2329284794033431,0.16414821088397136,0.1398881342210505,0.16563004076502902,0.22487566190255975,0.26836180408898447,0.31904352370084715,0.3655738532426015,0.30974397037029205,0.2540122661457712,0.1910694914560711,0.09811263384129323,0.022059834282101468,0.08642139540483439,0.1616202779019479,0.21579614648237452,0.2623417041093176,0.31778931380825975,0.30974397037029205,0.2540122661457712,0.18001370335269293,0.09811263384129323,0.022059834282101468,0.07736263994006524,0.15080394280950368,0.21579614648237452,0.2623417041093176
0.39351255616397635,0.35849894109676766,0.309450559760261,0.2542588250785004,0.18172607054829587,0.13023163387241113,0.17926608275729003,0.24134889007574864,0.2888596754387281,0.3283454939275592,0.3551412741900305,0.34565855900514053,0.2923507737250337,0.22433967446402198,0.16414821088397136,0.12989612463383263,0.16563004076502902,0.22016452472799114,0.2774756711257755,0.31904352370084715,0.3562640126058859,0.30044705836208624,0.24616158114864453,0.18194453875807515,0.09811263384129323,0.019984019174435787,0.08926286384423257,0.1616202779019479,0.22509978753333346,0.27165761518460285,0.31778931380825975,0.30044705836208624,0.24616158114864453,0.18194453875807515,0.09811263384129323,0.019984019174435787,0.08642139540483439,0.1616202779019479,0.22509978753333346,0.27165761518460285
0.4028289437377165,0.36775458106936315,0.31849177392794853,0.24971918852457992,0.17930425034845485,0.11994603642268402,0.17930425034845485,0.22854373088856433,0.2774802006969137,0.31904450856185884,0.34580305015201557,0.35514137249643907,0.3016097376958278,0.23294061983556805,0.16417883537413935,0.12994153945790768,0.15794732939321524,0.22018038169263252,0.26836648748678454,0.3097449848000406,0.36557471275057873,0.3097449848000406,0.2553864333652539,0.18194760891329811,0.09811583637364908,0.022066163914423915,0.08926638387264829,0.15245215273282411,0.21579679362304457,0.2623422364323465,0.30845206266348757,0.3097449848000406,0.2540135031460633,0.18194760891329811,0.09811583637364908,0.022066163914423915,0.07736444506257784,0.15245215273282411,0.21579679362304457,0.2623422364323465
0.3928777552633279,0.35849894109676766,0.309450559760261,0.2542588250785004,0.18172607054829587,0.12026750214127414,0.17926608275729003,0.23696548561633118,0.2888596754387281,0.32013692664950477,0.3551412741900305,0.3458029491908669,0.2923507737250337,0.22433967446402198,0.16414821088397136,0.12989612463383263,0.1579154964341651,0.22016452472799114,0.2774756711257755,0.3182602217329363,0.3562640126058859,0.30044705836208624,0.2553842460717722,0.18194453875807515,0.09811263384129323,0.029976028761653683,0.08926286384423257,0.1616202779019479,0.22620591421425554,0.2623417041093176,0.31778931380825975,0.30044705836208624,0.2553842460717722,0.18194453875807515,0.09811263384129323,0.029976028761653683,0.08926286384423257,0.1616202779019479,0.22620591421425554,0.2623417041093176
0.3935356992419407,0.3601285776712972,0.30965977431299757,0.2548312885743907,0.18838010462280258,0.1312060789106933,0.18838010462280258,0.2418556873846435,0.28903128052336735,0.3294571700457885,0.355144123548455,0.34565855900514053,0.29240615010723575,0.22470474407731664,0.16503354399210374,0.1312060789106933,0.15883557384992103,0.22062366989261642,0.27760692884588767,0.31827293973604653,0.35628957520138504,0.30047736952650433,0.24622734567165797,0.18203350490170248,0.09820541552486928,0.030278325902467686,0.08936483413966904,0.1616766184339573,0.21699168839781463,0.26235713282796047,0.3177924980681678,0.30047736952650433,0.24622734567165797,0.18203350490170248,0.09820541552486928,0.030278325902467686,0.08936483413966904,0.1616766184339573,0.2158149027925778,0.26235713282796047
0.3935979457286668,0.35857566748843145,0.3095135939803888,0.2543019791248751,0.1817387548016514,0.12989612463383263,0.17928138509414687,0.24139064279179168,0.2798619565785513,0.3202057106355169,0.34587836099537156,0.34573400230416085,0.2924133896159017,0.2205661948560968,0.16416492241200908,0.12989612463383263,0.15793009306012382,0.22020268096570075,0.26841745371664183,0.31832941123387226,0.3563412202164062,0.30051198112745686,0.25543862105345766,0.18198233381486875,0.10163060984327507,0.029976028761653683,0.0892801494293294,0.16165433974643048,0.21699616079837977,0.2623986304857779,0.31785860581354497,0.30051198112745686,0.24621389205086008,0.18198233381486875,0.09813204913777465,0.029976028761653683,0.0892801494293294,0.16165433974643048,0.21699616079837977,0.2623986304857779
0.39288805786315106,0.3585695012261217,0.30965977431299757,0.2501921482205383,0.1803690786492633,0.12111330360987074,0.17257657278557825,0.2373921379101836,0.27760692884588767,0.31907206824570145,0.34565855900514053,0.355144123548455,0.29396961346369005,0.2332801084305789,0.16503354399210374,0.1312060789106933,0.16665936022934946,0.22541949803780717,0.27095230252387287,0.31907206824570145,0.36490154333383573,0.30047736952650433,0.2540481176305911,0.1800642888356486,0.09820541552486928,0.020185550601645126,0.08646821967894383,0.16009374872828408,0.2158149027925778,0.26177408734611113,0.31763218935607507,0.29962865188630233,0.2540481176305911,0.1800642888356486,0.09820541552486928,0.020185550601645126,0.08646821967894383,0.16009374872828408,0.2151057412705461,0.26177408734611113
0.3835480197928517,0.3492504055878627,0.309450559760261,0.24134889007574864,0.18172607054829587,0.12026750214127414,0.17926608275729003,0.24546808119242933,0.2866042371841066,0.3283454939275592,0.35500068222149567,0.3458029491908669,0.29388354359838753,0.22433967446402198,0.16414821088397136,0.12989612463383263,0.16563004076502902,0.22487566190255975,0.27980470222886394,0.3283454939275592,0.35556271654954424,0.30044705836208624,0.24473790520567779,0.17080909971584518,0.09811263384129323,0.019984019174435787,0.08642139540483439,0.16006846332475239,0.22509978753333346,0.27110577109499645,0.32697431257243026,0.30044705836208624,0.24473790520567779,0.17080909971584518,0.09811263384129323,0.019984019174435787,0.08642139540483439,0.16006846332475239,0.22509978753333346,0.27110577109499645
0.3891359123527899,0.3551424268882524,0.30669367328743485,0.24427053177885127,0.181172974113368,0.12026060553426457,0.17859859243323928,0.23510661719636133,0.2839877527673085,0.3252363744826535,0.3516107748438625,0.34250364138966477,0.29115872586967123,0.2225430674437174,0.16341898276638334,0.12989612463383263,0.16502300517195798,0.22324318632734585,0.27730055387881203,0.31602399440556017,0.3521782191003095,0.29760677945408404,0.2424361248434041,0.180291370664356,0.09726359100884527,0.019984019174435787,0.08564048417199387,0.16013030002235992,0.22296732835892102,0.26852051115906456,0.31459911433398224,0.29760677945408404,0.2424361248434041,0.1692285092049113,0.09726359100884527,0.019984019174435787,0.08564048417199387,0.15856390417524327,0.22296732835892102,0.26852051115906456
0.3928777552633279,0.35849894109676766,0.309450559760261,0.2542588250785004,0.1871675608626776,0.12989612463383263,0.1871675608626776,0.24134889007574864,0.2888596754387281,0.3283454939275592,0.35500068222149567,0.3458029491908669,0.29388354359838753,0.22433967446402198,0.16414821088397136,0.12989612463383263,0.16563004076502902,0.22016452472799114,0.2774756711257755,0.31904352370084715,0.35556271654954424,0.30044705836208624,0.24473790520567779,0.18194453875807515,0.09811263384129323,0.029976028761653683,0.08926286384423257,0.1616202779019479,0.22509978753333346,0.2623417041093176,0.31778931380825975,0.30044705836208624,0.24473790520567779,0.18194453875807515,0.09811263384129323,0.019984019174435787,0.08926286384423257,0.1616202779019479,0.22509978753333346,0.2623417041093176
0.3929628265819461,0.3585725428850245,0.30950432695049496,0.2542766004910355,0.18712833890072172,0.12983780405411982,0.18712833890072172,0.24136817714298167,0.2889114249342878,0.3191112794075322,0.34573400230416085,0.34587823142356744,0.29394202136346403,0.22436459269283848,0.16412560653654945,0.13982532744289825,0.1655982271960167,0.22488890720039026,0.26841144294224467,0.3191112794075322,0.35563957234644655,0.30051063893280394,0.2540653471987229,0.1819783935150319,0.09812793882799994,0.019975046777556894,0.08927563157310321,0.16165184462141918,0.2158420116536222,0.2623979473094505,0.3178584648197699,0.30051063893280394,0.2540653471987229,0.1819783935150319,0.09812793882799994,0.019975046777556894,0.08927563157310321,0.16165184462141918,0.2158420116536222,0.2623979473094505
0.3984960312041603,0.3644128157718896,0.3067793725692556,0.2524314526469534,0.1946670639871951,0.12989612463383263,0.18654816503539248,0.23958073113359868,0.2863445037659912,0.3253330496989019,0.351716185044475,0.35185808940229074,0.300366132355056,0.2310959032671664,0.1634416017273345,0.12989612463383263,0.16504182687117025,0.22329389167619948,0.27502882116932253,0.3161178836801063,0.3615246256223565,0.30690515652084743,0.25169500228227387,0.1803427647426331,0.09728998065114726,0.029976028761653683,0.08853051738520563,0.1601766238276888,0.22303363536180695,0.2691578798676967,0.314852019745246,0.30690515652084743,0.25169500228227387,0.1803427647426331,0.09728998065114726,0.019984019174435787,0.08853051738520563,0.1601766238276888,0.22303363536180695,0.2691578798676967
0.3985811896274061,0.36448941969827336,0.31578785119857805,0.25247333239837116,0.18120237556042532,0.13022560303490058,0.17863408629836944,0.23520565735821874,0.28412724442592535,0.32540215683303536,0.351791536114398,0.3519334100896345,0.30042870216919704,0.22263879784505708,0.16345777282502805,0.12989612463383263,0.16505528345267345,0.2185856949865734,0.2750849433558031,0.3161849993254487,0.36160184140096957,0.30697028016911876,0.25174816022682406,0.18037950357479315,0.09730884539368394,0.019984019174435787,0.08854730975281366,0.1602097380774593,0.22308103413242197,0.2692152259478495,0.314919405171713,0.30697028016911876,0.25174816022682406,0.18037950357479315,0.09730884539368394,0.019984019174435787,0.08854730975281366,0.15864412657546714,0.22308103413242197,0.25940732667603095
0.39722348482303543,0.36342775886332257,0.31514074269444603,0.2566928085960521,0.19193110984368542,0.13154453069492061,0.1890108909687728,0.24365690629683506,0.29159374635856466,0.32315796572286914,0.34906283245395586,0.35848917968031624,0.2951102003450835,0.22647813335281697,0.15946400922861784,0.1312060789106933,0.16725840209414614,0.222269748945205,0.28009980917136135,0.3118501207387989,0.3690215340957658,0.3138038673504171,0.2577957304108385,0.18366540983814722,0.10258005203327673,0.030278325902467686,0.09011092299111494,0.16314744334159895,0.2189975052359742,0.26481565654869027,0.3118501207387989,0.3126656654817857,0.2577957304108385,0.18366540983814722,0.10258005203327673,0.030278325902467686,0.09011092299111494,0.16314744334159895,0.2283408476227781,0.26481565654869027
0.4028281637185009,0.3692423717229668,0.32113832780175633,0.2542588250785004,0.1952607071650792,0.12989612463383263,0.1871675608626776,0.24134889007574864,0.2888596754387281,0.32013692664950477,0.3458029491908669,0.3551412741900305,0.30160788561900737,0.2329284794033431,0.16414821088397136,0.12989612463383263,0.16563004076502902,0.22016452472799114,0.26836180408898447,0.3089370905262059,0.3655738532426015,0.30974397037029205,0.2553842460717722,0.18194453875807515,0.09811263384129323,0.029976028761653683,0.08926286384423257,0.1616202779019479,0.21694971333144858,0.2623417041093176,0.3084519494767766,0.30974397037029205,0.2553842460717722,0.18194453875807515,0.10161186302992903,0.029976028761653683,0.08926286384423257,0.1616202779019479,0.21694971333144858,0.2623417041093176
0.3984960312041603,0.3644128157718896,0.31572454633207386,0.2524314526469534,0.18654816503539248,0.1302254620849394,0.1786192891765373,0.23516437094742382,0.27502882116932253,0.3161178836801063,0.3426062339650938,0.35185808940229074,0.300366132355056,0.22259889126232416,0.1634416017273345,0.12989612463383263,0.16504182687117025,0.2185486597819583,0.27502882116932253,0.30690515652084743,0.3615246256223565,0.30690515652084743,0.25169500228227387,0.1803427647426331,0.09728998065114726,0.029976028761653683,0.08853051738520563,0.1601766238276888,0.21381678331308873,0.2599286456223096,0.30560113392191046,0.30690515652084743,0.25169500228227387,0.1803427647426331,0.09728998065114726,0.029976028761653683,0.08853051738520563,0.1601766238276888,0.21381678331308873,0.2599286456223096
0.40229563489600717,0.3678309919322619,0.31854989210112034,0.2497462126003799,0.1871822172467683,0.11990411504661473,0.17928138509414687,0.23700801053977527,0.27753340594834924,0.31911254336747563,0.34587836099537156,0.3552187258304225,0.30315820109409186,0.23297174121294667,0.16416492241200908,0.12989612463383263,0.16564395758299102,0.22020268096570075,0.27753340594834924,0.31911254336747563,0.37430034638630816,0.3098109418663702,0.2540669347564821,0.1911093696292607,0.09813204913777465,0.019984019174435787,0.0892801494293294,0.16165433974643048,0.21584284218681196,0.2623986304857779,0.31785860581354497,0.3098109418663702,0.2540669347564821,0.18005190371548127,0.09813204913777465,0.019984019174435787,0.08643924921103903,0.16010285531775845,0.21584284218681196,0.2623986304857779
0.40221812942431057,0.36782099274802954,0.3186880420252666,0.2501921482205383,0.1803690786492633,0.12111330360987074,0.1803690786492633,0.2373921379101836,0.28673131612788627,0.31907206824570145,0.34565855900514053,0.355144123548455,0.3031773002880224,0.2332801084305789,0.16503354399210374,0.1312060789106933,0.16665936022934946,0.22541949803780717,0.27760692884588767,0.31907206824570145,0.36490154333383573,0.3097733718380083,0.2540481176305911,0.1800642888356486,0.09820541552486928,0.020185550601645126,0.08646821967894383,0.16009374872828408,0.2158149027925778,0.26177408734611113,0.3177924980681678,0.3097733718380083,0.2540481176305911,0.1800642888356486,0.09820541552486928,0.020185550601645126,0.08646821967894383,0.16009374872828408,0.2158149027925778,0.26177408734611113
0.39351255616397635,0.35849894109676766,0.309450559760261,0.24606018088953371,0.18172607054829587,0.13023163387241113,0.1871675608626776,0.24134889007574864,0.2888596754387281,0.32940802232439664,0.3551412741900305,0.3458029491908669,0.2923507737250337,0.22433967446402198,0.1579154964341651,0.12989612463383263,0.16563004076502902,0.22016452472799114,0.2774756711257755,0.3182602217329363,0.3562640126058859,0.30044705836208624,0.24616158114864453,0.18194453875807515,0.10161186302992903,0.029976028761653683,0.08926286384423257,0.1616202779019479,0.22620591421425554,0.27165761518460285,0.31778931380825975,0.30044705836208624,0.24616158114864453,0.17284279080966877,0.08926286384423257,0.029976028761653683,0.08926286384423257,0.1616202779019479,0.22620591421425554,0.27165761518460285
0.38419823628560945,0.35081916796946566,0.3121809303608835,0.2542588250785004,0.1952607071650792,0.12989612463383263,0.1871675608626776,0.24134889007574864,0.2888596754387281,0.32940802232439664,0.3551412741900305,0.34565855900514053,0.2923507737250337,0.22433967446402198,0.16414821088397136,0.12989612463383263,0.16563004076502902,0.22016452472799114,0.2774756711257755,0.3182602217329363,0.3562640126058859,0.30044705836208624,0.24616158114864453,0.18194453875807515,0.09811263384129323,0.029976028761653683,0.08926286384423257,0.1616202779019479,0.22620591421425554,0.27165761518460285,0.31778931380825975,0.30044705836208624,0.24616158114864453,0.17284279080966877,0.09811263384129323,0.029976028761653683,0.08926286384423257,0.1616202779019479,0.22509978753333346,0.27165761518460285
0.3891359123527899,0.3551424268882524,0.30669367328743485,0.25237286957647115,0.18952227962011695,0.13022526495747413,0.1921802164380585,0.24778163656669205,0.28626380673167473,0.3252363744826535,0.3516107748438625,0.3517527217263463,0.29115872586967123,0.2310371324988396,0.16341898276638334,0.12989612463383263,0.16502300517195798,0.22324318632734585,0.274950311617958,0.31602399440556017,0.3614166069262593,0.3068140538993977,0.2516206387837916,0.1783426380507332,0.09726359100884527,0.019984019174435787,0.08564048417199387,0.15856390417524327,0.22296732835892102,0.26852051115906456,0.31475775287563146,0.3068140538993977,0.2516206387837916,0.1783426380507332,0.09726359100884527,0.019984019174435787,0.08564048417199387,0.15856390417524327,0.22296732835892102,0.26852051115906456
0.3898929684334643,0.3567891870888429,0.3067793725692556,0.2524314526469534,0.18654816503539248,0.1302254620849394,0.1786192891765373,0.23958073113359868,0.2773783982152736,0.31722137092498454,0.3426062339650938,0.351716185044475,0.2896967051999443,0.21875324465289217,0.1634416017273345,0.12989612463383263,0.1572984368237554,0.2185486597819583,0.2639309496486919,0.30609079342758844,0.3622143787998211,0.3080416479767359,0.25307954473447913,0.1803427647426331,0.100817766907614,0.029976028761653683,0.08853051738520563,0.1601766238276888,0.21498097149355247,0.2599286456223096,0.30609079342758844,0.2976950946463145,0.25307954473447913,0.1803427647426331,0.100817766907614,0.029976028761653683,0.08853051738520563,0.1601766238276888,0.21498097149355247,0.2599286456223096
0.39351255616397635,0.35849894109676766,0.309450559760261,0.2542588250785004,0.19005107902942012,0.13023163387241113,0.1871675608626776,0.24134889007574864,0.2888596754387281,0.32013692664950477,0.3458029491908669,0.3458029491908669,0.2923507737250337,0.22433967446402198,0.1579154964341651,0.12989612463383263,0.1579154964341651,0.22016452472799114,0.2774756711257755,0.3182602217329363,0.3655738532426015,0.30044705836208624,0.2553842460717722,0.18194453875807515,0.10161186302992903,0.029976028761653683,0.08926286384423257,0.1616202779019479,0.22620591421425554,0.2623417041093176,0.31778931380825975,0.30044705836208624,0.24616158114864453,0.18194453875807515,0.10161186302992903,0.029976028761653683,0.08926286384423257,0.1616202779019479,0.22620591421425554,0.2623417041093176
0.39720055661569725,0.3618129823878208,0.31217378315407923,0.2561245058145443,0.18227560296417952,0.12027437473435335,0.17992882346709996,0.23880359260117912,0.2914236501881973,0.3231078598351232,0.349059933454266,0.349059933454266,0.29505533146311036,0.22611592693737284,0.1648717326394067,0.12989612463383263,0.1585475787676362,0.22181401111737845,0.2799697201864638,0.3212485113119452,0.3595986514642576,0.30325114481436355,0.2577329177562468,0.18357723455838731,0.09895152127735554,0.019984019174435787,0.09000979792874823,0.16309161091167038,0.22720503228581213,0.2648003710771315,0.3207819902260222,0.30325114481436355,0.248421116304297,0.18357723455838731,0.09895152127735554,0.019984019174435787,0.09000979792874823,0.16309161091167038,0.22720503228581213,0.2648003710771315
0.39287729897787776,0.35849581582462337,0.3094412908426423,0.25423344213684546,0.18711367829640657,0.12021383049279588,0.17921707654632307,0.23694657237111044,0.28885207307415,0.3190422594674663,0.3458028195908061,0.35514114799776264,0.3030901485765354,0.23291289426099052,0.1641088910048996,0.12983780405411982,0.16558430653456566,0.22014416806660228,0.26835579206811766,0.3190422594674663,0.36557274992167593,0.3097426681802258,0.25538143829819143,0.18194059763970816,0.09810852271810415,0.019975046777556894,0.08925834511308778,0.16161778225107518,0.21579531576946664,0.2623410207847452,0.31778917278374186,0.3097426681802258,0.2540106782463351,0.18194059763970816,0.09810852271810415,0.019975046777556894,0.08925834511308778,0.16161778225107518,0.21579531576946664,0.2623410207847452
0.38997600474253663,0.35532139151971154,0.30684063462181665,0.25247333239837116,0.18656233328245514,0.11990411504661473,0.17863408629836944,0.23520565735821874,0.28412724442592535,0.3161849993254487,0.3426795709094278,0.3519334100896345,0.28975758809577906,0.22263879784505708,0.16345777282502805,0.12989612463383263,0.16505528345267345,0.2185856949865734,0.26605745634898476,0.3161849993254487,0.3622914475702224,0.2977582257429863,0.25174816022682406,0.18037950357479315,0.09730884539368394,0.019984019174435787,0.08568211474109085,0.1602097380774593,0.2138621909468118,0.25998400316169107,0.314919405171713,0.2977582257429863,0.25174816022682406,0.18037950357479315,0.09730884539368394,0.019984019174435787,0.08568211474109085,0.1602097380774593,0.22308103413242197,0.25998400316169107
0.39351255616397635,0.35849894109676766,0.309450559760261,0.24970227121855584,0.17926608275729003,0.11990411504661473,0.17158275416307167,0.228528454234595,0.2774756711257755,0.31904352370084715,0.3458029491908669,0.3551412741900305,0.29388354359838753,0.22433967446402198,0.16414821088397136,0.12989612463383263,0.16563004076502902,0.22016452472799114,0.26836180408898447,0.31904352370084715,0.3655738532426015,0.30044705836208624,0.2540122661457712,0.18001370335269293,0.09811263384129323,0.019984019174435787,0.08642139540483439,0.16006846332475239,0.21579614648237452,0.2623417041093176,0.31778931380825975,0.30044705836208624,0.2540122661457712,0.18001370335269293,0.09811263384129323,0.019984019174435787,0.08642139540483439,0.16006846332475239,0.21579614648237452,0.2623417041093176
0.38933543763314904,0.35532139151971154,0.30684063462181665,0.247883960138094,0.17302870714595553,0.12026097162432683,0.17863408629836944,0.23520565735821874,0.28412724442592535,0.3161849993254487,0.34253386411138753,0.3519334100896345,0.29130400299241116,0.22263879784505708,0.16345777282502805,0.12989612463383263,0.16505528345267345,0.22333013997258733,0.26605745634898476,0.30697028016911876,0.36160184140096957,0.30697028016911876,0.25174816022682406,0.178431733502624,0.09730884539368394,0.019984019174435787,0.08568211474109085,0.15864412657546714,0.22308103413242197,0.25940732667603095,0.314919405171713,0.2969187763002804,0.25174816022682406,0.178431733502624,0.09730884539368394,0.019984019174435787,0.08568211474109085,0.15864412657546714,0.2138621909468118,0.25940732667603095
0.40280622138237054,0.3599291924491551,0.3119260100996741,0.25370201048214425,0.19396885595991437,0.12895089873851656,0.18598322055331193,0.240856020409971,0.2822455819905722,0.3214608995459957,0.3462244124393833,0.35500068222149567,0.3015557825677617,0.22898184535472133,0.16328439952668866,0.12861204849967048,0.15701740033012698,0.2197180039886255,0.26621553469774023,0.3089243746225261,0.365549674701219,0.31081953333466145,0.2553227104550914,0.18185815493503626,0.10145710443778695,0.029679703499923955,0.08916378951793105,0.16367213981226983,0.21690896849628333,0.2632578460226018,0.3182478783442546,0.31081953333466145,0.2553227104550914,0.18185815493503626,0.10145710443778695,0.029679703499923955,0.08916378951793105,0.161565580271996,0.21690896849628333,0.2632578460226018
0.383547552408328,0.34924719755431843,0.3004256492186018,0.246033952107914,0.1816705740709023,0.13017346360831603,0.17921707654632307,0.23694657237111044,0.28659860783767943,0.32834426550982415,0.35500068222149567,0.3458028195908061,0.2938797311728114,0.22432349260499015,0.16558430653456566,0.13982532744289825,0.16558430653456566,0.22485154619438524,0.279796853831579,0.3190422594674663,0.35556221237849917,0.2911516553604694,0.2447362571322778,0.17080673832255747,0.08925834511308778,0.019975046777556894,0.08925834511308778,0.16161778225107518,0.22509899115489887,0.2716569552932285,0.3271268128809601,0.2911516553604694,0.2447362571322778,0.17080673832255747,0.08925834511308778,0.019975046777556894,0.08641932107532493,0.16006734339817405,0.22509899115489887,0.27110560578649595
0.38510669502633993,0.35081916796946566,0.30324675020689734,0.2510809013229927,0.1952607071650792,0.12989612463383263,0.1871675608626776,0.24134889007574864,0.2888596754387281,0.32940802232439664,0.3551412741900305,0.34565855900514053,0.2923507737250337,0.22052438684548117,0.15699780016871093,0.12989612463383263,0.1579154964341651,0.22016452472799114,0.2754895737685873,0.3182602217329363,0.3572435142408945,0.30160788561900737,0.24616158114864453,0.18194453875807515,0.10161186302992903,0.029976028761653683,0.08926286384423257,0.1616202779019479,0.22620591421425554,0.2725748725868565,0.3182602217329363,0.30160788561900737,0.24616158114864453,0.18194453875807515,0.10161186302992903,0.029976028761653683,0.08926286384423257,0.1616202779019479,0.22620591421425554,0.27165761518460285
0.3840586323430438,0.3506143604243682,0.30289979517972004,0.24542735011647757,0.18870648723272182,0.12895069212385227,0.18596259061244813,0.2407974961272476,0.27955252365764005,0.3199916033763446,0.3550301608606056,0.33621375046370755,0.2922094114556709,0.2239272236442898,0.16326090134720683,0.12861204849967048,0.1646053419300051,0.21966452157830005,0.2772674238492976,0.3181510854372588,0.34682528070522567,0.2922094114556709,0.2460245432079295,0.17270187874531612,0.10143084055571205,0.029679703499923955,0.089139582537153,0.16151791542178345,0.21684398121125034,0.2631784889993405,0.3181510854372588,0.29103471875563086,0.2460245432079295,0.17270187874531612,0.10143084055571205,0.029679703499923955,0.089139582537153,0.16151791542178345,0.21684398121125034,0.2622470907896188
0.37474879137742956,0.3398356453119279,0.29114969739590646,0.2408143553329423,0.18052999192913227,0.11912615902673904,0.17820446383026908,0.23252218095736177,0.27955840460109377,0.3199932810178824,0.34611943503393094,0.33635937506455843,0.28296090371678484,0.2115023817874218,0.1570276388319498,0.12865612930687456,0.1570276388319498,0.2154026271470937,0.26614021134701693,0.3083547945897044,0.3375221099978563,0.29103575632189693,0.23681391122358042,0.17270498715262247,0.08914297006263211,0.029689875993894128,0.08914297006263211,0.1615197849766022,0.216845373767195,0.26317963638675657,0.3088308743071247,0.28174682018007396,0.23681391122358042,0.17270498715262247,0.08914297006263211,0.029689875993894128,0.08914297006263211,0.1615197849766022,0.216845373767195,0.26317963638675657
0.3742084048478668,0.33993476904173753,0.29122467144522796,0.240856020409971,0.1805060309380879,0.12895089873851656,0.18598322055331193,0.23256017627529887,0.2796326647945917,0.32008783972072,0.3462244124393833,0.33646191622610677,0.28304373688981266,0.21544455339643045,0.15701740033012698,0.12861204849967048,0.15701740033012698,0.20697359656346348,0.26621553469774023,0.3089243746225261,0.3462244124393833,0.2911226813699207,0.2354313619047377,0.17075734550894567,0.08916378951793105,0.019786468999949302,0.08916378951793105,0.161565580271996,0.21690896849628333,0.26232672957230735,0.3089243746225261,0.2818308435399665,0.2354313619047377,0.17075734550894567,0.08916378951793105,0.019786468999949302,0.08916378951793105,0.161565580271996,0.21690896849628333,0.26232672957230735
0.3741883168827353,0.33854782134081646,0.2974614185302883,0.23575491621631262,0.17610990078591926,0.11641710001743982,0.1703154897021008,0.21886104517588129,0.27025094523146237,0.3107227819671002,0.3462027007429975,0.3271182029928511,0.27368664786277525,0.2147368664234474,0.15528441127623718,0.12611852501889315,0.1492664322459232,0.20623684415639573,0.25685912525869353,0.30844267300017314,0.3462027007429975,0.29025506265421847,0.23435765819940996,0.16927391067040823,0.09541486889993343,0.013468218636790293,0.07721455578041782,0.15072802902168905,0.2157431027924497,0.26229807334567257,0.3089000412247758,0.29025506265421847,0.23435765819940996,0.16927391067040823,0.09541486889993343,0.013468218636790293,0.07721455578041782,0.15072802902168905,0.2157431027924497,0.26229807334567257
0.3746919850496191,0.33992940770433244,0.29083273766353024,0.22943634147110994,0.16117633405671083,0.10572525289308679,0.16117633405671083,0.22126301144269886,0.2644513014855251,0.3060000772237095,0.3381583629524626,0.3245189454217058,0.2691024308401107,0.19696109014366123,0.1405155049597313,0.11570742498237613,0.14677748642551525,0.19696109014366123,0.2506418298790162,0.2968051921508551,0.347282055971914,0.29092302373036316,0.2345643254281677,0.1690791814762313,0.09453196838280933,0.019222773253288507,0.08815043382850836,0.16197545668003782,0.21823777085134238,0.25448237796697293,0.30174400106727023,0.29092302373036316,0.2345643254281677,0.1690791814762313,0.08549038086077317,0.009611386626644253,0.08549038086077317,0.15996686312014421,0.21632456136597503,0.25448237796697293
0.3888910918960583,0.34499418135155513,0.2906199920090894,0.2268900705725827,0.15409564377555932,0.08650247963979829,0.1474385848692402,0.2184634241201039,0.2726463806423515,0.3064252461360949,0.3504361204519824,0.3375502240521457,0.2710920095065666,0.20448478548176363,0.13432418320157657,0.09611386626644254,0.13432418320157657,0.19553961639460904,0.2524203791397942,0.3096355497297014,0.3504361204519824,0.29356600557683765,0.2476036121834953,0.17249709067577756,0.09537841281182831,0.019222773253288507,0.08624854533788878,0.16141239328120038,0.21828118531029558,0.2659572851320065,0.31363737019742877,0.29356600557683765,0.23669622180057195,0.1706124116862533,0.09537841281182831,0.009611386626644253,0.08624854533788878,0.16141239328120038,0.21828118531029558,0.2659572851320065
0.37027753209312947,0.3356295266902321,0.281343098173306,0.22261263319237742,0.14005983033808891,0.07615939706367199,0.14704714078461362,0.21402298782950713,0.2723642524877937,0.31531818126989514,0.3594595690372645,0.32908507846069635,0.2614995836939948,0.19062753058216267,0.11473019340931234,0.07615939706367199,0.12245276174286987,0.19062753058216267,0.2614995836939948,0.3095163918739453,0.34275429287861,0.29509823019114445,0.23828441322770333,0.1723658462123328,0.09531376529108133,0.009519924632958999,0.09531376529108133,0.1705156361902715,0.2273541815870287,0.27498983481954914,0.33182761814807865,0.29509823019114445,0.23828441322770333,0.1723658462123328,0.0861829231061664,0.019039849265917997,0.09531376529108133,0.1705156361902715,0.2273541815870287,0.27498983481954914
0.3848142884582131,0.33872390211817477,0.2865747494503744,0.2244496462781974,0.1478608874544685,0.06661834435051099,0.14192245566133704,0.21216504510861475,0.2748025689423005,0.3182468305509344,0.364486805849809,0.33224456288758697,0.26421666678396055,0.19075247994972744,0.1141254817429994,0.06661834435051099,0.11840993265481287,0.19075247994972744,0.2640452148784793,0.312503095836744,0.35521965133070665,0.2978603343157635,0.251746263447475,0.17395962115009556,0.09852910645398542,0.01903381267157457,0.08954521192499314,0.17395962115009556,0.23127268176059276,0.27937317201792694,0.3349595194832455,0.2978603343157635,0.24257129285170154,0.17628696306455025,0.08954521192499314,0.01903381267157457,0.09852910645398542,0.17395962115009556,0.23127268176059276,0.2775843703725276
0.37957664536599495,0.3357212794555609,0.28141619580700583,0.22266010158599128,0.14705369411106858,0.06661834435051099,0.14108128980780163,0.21917528426538754,0.2699292731376495,0.32272400273063495,0.35956370590074394,0.3291828446038458,0.27092157327429933,0.18901124313559256,0.11756224492704417,0.06661834435051099,0.12246759168425028,0.19068101786777605,0.2617525170821107,0.318912764358799,0.3503432797084305,0.2951814781308582,0.24751235847780922,0.18153653955525925,0.09768659158141164,0.01903381267157457,0.09534050893388803,0.17056473786001428,0.22741965048001903,0.2750686941847895,0.33041865676338106,0.2951814781308582,0.23835127233472006,0.17241325455046785,0.09768659158141164,0.01903381267157457,0.09534050893388803,0.17056473786001428,0.22741965048001903,0.2750686941847895
0.3778662167579003,0.3326810986265479,0.2816730669767173,0.2208498317113227,0.14623924830120844,0.06661834435051099,0.1402321615244651,0.2208498317113227,0.2789265155100887,0.32368067464214095,0.3578660933789406,0.32608170921652097,0.26850325168187145,0.18724774737844802,0.10873002372374325,0.06725786379568878,0.12948656659009433,0.19800503381059498,0.26833453869663193,0.315891985171456,0.3487791678320142,0.2924687530038437,0.24725955300476554,0.17084750547392735,0.09683381326506652,0.01903381267157457,0.09683381326506652,0.17084750547392735,0.2361663854736877,0.28339966256842525,0.32884755010437694,0.2924687530038437,0.2361663854736877,0.17084750547392735,0.08803451063467467,0.021163706272124386,0.09683381326506652,0.17084750547392735,0.2361663854736877,0.28339966256842525
0.38326421683330597,0.33791007298946146,0.28405981259444013,0.22643451351519717,0.14702760193794512,0.06661834435051099,0.14702760193794512,0.22260217944347532,0.28405981259444013,0.32653512093875214,0.3702737302201414,0.3303198647982148,0.27100600848478723,0.19978497754421112,0.12244126500741308,0.07670592139466437,0.13548631483760087,0.20181471900775294,0.2708388545402089,0.31980893187759213,0.3538410192918292,0.297083029682493,0.24944464849356038,0.18148354982539155,0.09765931368656958,0.01903381267157457,0.09765931368656958,0.17236317936115134,0.2382813990158361,0.2859376788190033,0.33359395862217056,0.297083029682493,0.24036287501440343,0.17236317936115134,0.08877006213184627,0.021201603825077416,0.09765931368656958,0.17236317936115134,0.2382813990158361,0.2859376788190033
0.37623389056542067,0.3401973461802213,0.286776906412477,0.23015012945272822,0.15268794617737969,0.07541801980050405,0.15268794617737969,0.22605916750556115,0.286776906412477,0.32867511167859226,0.3628173324725064,0.33173235693467723,0.2714943415350802,0.19815335211934168,0.12210094571629163,0.07599407668080563,0.1350845765505346,0.20889568621229712,0.2708388545402089,0.3210146975453531,0.34675410052137423,0.29917921122958224,0.24262835537925256,0.1745902309149415,0.10071825763758907,0.02828175742518902,0.09758102170479513,0.1745902309149415,0.24023565237921976,0.28784468610215935,0.33546207406476874,0.2901510979742785,0.24262835537925256,0.1745902309149415,0.09212464275486672,0.029783884618971027,0.09758102170479513,0.1745902309149415,0.24023565237921976,0.28784468610215935
0.38337542684141224,0.34054273109644867,0.2871509176127361,0.22649145559195555,0.14705369411106858,0.06661834435051099,0.14108128980780163,0.22266010158599128,0.28413868245622165,0.32662942934187517,0.37221264926301084,0.33192284541074096,0.2715893681465424,0.19710575439193392,0.11756224492704417,0.06727019451579445,0.11756224492704417,0.1982511940580286,0.2710886762143076,0.3199052231746145,0.3561125263397038,0.2994463344327903,0.2518652094834598,0.18376794810177194,0.10087948611200674,0.028550719007361856,0.09768659158141164,0.17476119105946195,0.24043214342476238,0.2880724620205981,0.3428509133510883,0.29716920199134406,0.24951684145061867,0.17476119105946195,0.09229539891360178,0.030040286650211835,0.09768659158141164,0.17241325455046785,0.24043214342476238,0.28602152680166404
0.374275262175928,0.33800664650972373,0.28413868245622165,0.22266010158599128,0.14705369411106858,0.06661834435051099,0.14108128980780163,0.22266010158599128,0.28141619580700583,0.3336917812686081,0.36879025759593076,0.33041865676338106,0.2710886762143076,0.18901124313559256,0.12246759168425028,0.07670626873505872,0.1304056829102941,0.21096330602939378,0.2710886762143076,0.32821844042961795,0.3448265091009357,0.29716920199134406,0.24951684145061867,0.18376794810177194,0.09768659158141164,0.01903381267157457,0.09534050893388803,0.18153653955525925,0.24751235847780922,0.2951814781308582,0.34112947572002855,0.2880724620205981,0.24043214342476238,0.17241325455046785,0.08879436985075037,0.021202860443962617,0.09534050893388803,0.18153653955525925,0.24751235847780922,0.2934890431741408
0.38539296156800423,0.3492793350665487,0.2956941806892111,0.2385838628468753,0.15271307124131608,0.07541801980050405,0.14647507383222264,0.22611620410445182,0.28389649362564634,0.3264629924291002,0.36108207619588073,0.33183072837584265,0.2715768606165405,0.19821263883177082,0.11730191141309644,0.07599442727475998,0.1300862010495249,0.19977577885533096,0.27092157327429933,0.319862747350783,0.355919316195434,0.30831436925440336,0.2516999430201452,0.1836523844798819,0.10074470728834094,0.02828175742518902,0.0976083214793361,0.17463966753327434,0.24030495746177422,0.2859146214918618,0.33356705840717216,0.2992647799504616,0.2516999430201452,0.17463966753327434,0.10074470728834094,0.02978477915390336,0.0976083214793361,0.17233442973786567,0.23826218457655154,0.2859146214918618
0.4107411096871555,0.3651873168392672,0.31373081327553115,0.24357278983006797,0.15338445352120547,0.07613525068629828,0.14705369411106858,0.21406700911661466,0.2724341848771589,0.3154057207541362,0.3503432797084305,0.35817561618964383,0.2897621478288238,0.20902242208675684,0.1304056829102941,0.07613525068629828,0.12051598655789063,0.19280662366974963,0.2524167992792769,0.30887708057615654,0.3813620357355521,0.324543081145072,0.26773939365727606,0.19280662366974963,0.1066557582354292,0.021202860443962617,0.08879436985075037,0.16331471467093758,0.22920480139013527,0.2750686941847895,0.32272400273063495,0.324543081145072,0.26773939365727606,0.19280662366974963,0.1066557582354292,0.01903381267157457,0.08879436985075037,0.16331471467093758,0.22920480139013527,0.26587233091790546
0.3964220525221419,0.36107725673034213,0.3017689475161428,0.23856585065642075,0.15989951652226672,0.09469678604350436,0.15923295827566497,0.23462485340444628,0.29022589723163006,0.3318268754180318,0.36628747294665753,0.34617199143538663,0.2897590945395447,0.21316215190138385,0.1332414128031091,0.0942348450456607,0.1332414128031091,0.2069775189236233,0.272392579574576,0.3271100780202608,0.36870388395269765,0.311869870916746,0.2550382363794013,0.18145854638940703,0.09760504679998039,0.01884696900913214,0.09530338325467452,0.17051804827433437,0.2352578583391984,0.28278715058137,0.3291398396510791,0.311869870916746,0.2550382363794013,0.18145854638940703,0.09760504679998039,0.01884696900913214,0.09530338325467452,0.17051804827433437,0.2352578583391984,0.28278715058137
0.41379850531157736,0.3813620357355521,0.33443887328753436,0.273725465136895,0.2047261740507083,0.14305895344969816,0.20229850538013072,0.2642983653316403,0.3020063290904762,0.34112947572002855,0.3654597425574546,0.3644670785963086,0.3106314681092359,0.24357278983006797,0.187424941995374,0.1525568118913459,0.17589455962271922,0.23512448985408835,0.28602152680166404,0.3275278417280429,0.37670242043077284,0.3211767354125097,0.26587233091790546,0.19068101786777605,0.1066557582354292,0.01903381267157457,0.09768659158141164,0.17056473786001428,0.23529170177529318,0.28171418694564004,0.32821844042961795,0.3211767354125097,0.26587233091790546,0.19068101786777605,0.1066557582354292,0.01903381267157457,0.09768659158141164,0.17056473786001428,0.23529170177529318,0.28171418694564004
0.40717725764969165,0.38822223002135775,0.34868775680867153,0.30234202930861376,0.25630371638867594,0.20190623105806263,0.2520649740031898,0.289031782958281,0.3192175366131767,0.3381102791741043,0.3488738322989463,0.3736942738594919,0.3319151281508905,0.27756363486376523,0.23774337153929825,0.20190623105806263,0.22238914167696744,0.2641107440666742,0.2905224541769324,0.3270155467837404,0.37038427305590277,0.3176291085361169,0.2698315487144585,0.21459292615559922,0.14736075309612431,0.10564720526566052,0.13500486048842508,0.18555698183713693,0.2315427883689865,0.2700035379622781,0.3119147262955836,0.3026902175228288,0.25506999428485316,0.1889946393237956,0.1031799495332006,0.0,0.08405343761592689,0.15992536338742863,0.21672703824224476,0.25506999428485316
0.3980872364173485,0.3851423732617868,0.3571389996764767,0.3149482009636737,0.2825108094447877,0.23069223044920337,0.2776785753630037,0.30157827754220046,0.3234595395826382,0.3407879727753987,0.34897836571920665,0.36434280543785086,0.3358805077972685,0.28742327269707024,0.25353946993403187,0.23069223044920337,0.23919232063984694,0.2698641754458327,0.29329059826150117,0.3182124720487549,0.36131061791447827,0.3258897004522811,0.28144739625654464,0.2286064610488407,0.1717034349039048,0.1440643708168098,0.16680479459595218,0.20809148201894861,0.23943673025399181,0.27549127781220245,0.3027803377114332,0.29956442083524787,0.252420109074638,0.19291492115013525,0.12280140654305123,0.08643862249008588,0.12095884033378393,0.17775801842851696,0.21679206058302034,0.25223732684158906
0.3953536636254934,0.3796370330032263,0.3535023811805951,0.3163248791687946,0.28481807180085483,0.2426129012624948,0.27985568091004553,0.29645530837647277,0.32408344428801444,0.33842174631876454,0.3468806442216786,0.36485864638201687,0.332105415267478,0.2991093264026707,0.27166674052851997,0.25230330441311866,0.2711517371857526,0.2830482833212179,0.3086261942242396,0.3292670784390529,0.35829657291333383,0.3114272786339377,0.26933167414607684,0.2234677099688874,0.1728758938440226,0.14545978156663641,0.16801144191622217,0.2089353924855488,0.23989000139115282,0.27284105288413035,0.30965966286000096,0.2989479429233648,0.25520242340888283,0.19879126754438056,0.141294396009847,0.10667050648220003,0.14179606331674116,0.18519076027632253,0.2202715723782596,0.2617591386828071
0.4203394878993675,0.3973341515801696,0.36426334818330414,0.3236679391879811,0.274156091757961,0.23069581343419873,0.2695930449725245,0.30315288194863915,0.3302639282136328,0.3437463407445233,0.3416534814320762,0.386756905614433,0.34118754509372257,0.30246796554424127,0.26230731852315875,0.2402923980821728,0.24819735681097665,0.27736198750380125,0.29876380749883963,0.32191835411378844,0.373871627496593,0.3375834370614491,0.28793805890460267,0.24328054339565341,0.19343835013447802,0.16327295359238445,0.18854945939345566,0.21553388176406854,0.2502640567231386,0.2778336030040389,0.30556301290804283,0.31134431705874027,0.2656126074149645,0.2002279782926167,0.14136682508325832,0.10564720526566052,0.13459971236572546,0.17777464860148603,0.2202703086870968,0.2546150286328193
0.4059066425652795,0.38555357893198816,0.35431184361730234,0.32300971604983314,0.28137532214965005,0.24325425068541545,0.2841293395355693,0.3099240612172881,0.32858126613552974,0.3439483048022347,0.33854782134081646,0.3738108392627986,0.33843127883512486,0.3067862231249139,0.26348656547681715,0.2427154809194384,0.25404282174498377,0.2768803594719876,0.2965796761015293,0.3189627980480842,0.36143775270938383,0.3262376437116823,0.27828966701563546,0.2422939765954404,0.193812832930158,0.1651886051342209,0.1895455792651366,0.2288477744975399,0.24914754296845756,0.2789902747382046,0.30285774507940516,0.30844267300017314,0.25391086600561236,0.1988010844580761,0.14132258105065637,0.1067156750159865,0.13468218636790294,0.17676561130646448,0.218344906437543,0.25223732684158906
0.39462606254455784,0.38236968533339827,0.3518328160445316,0.3148537387017294,0.28102947555010577,0.2432410338186301,0.2882527009147745,0.3080545124759737,0.32295665701921994,0.33229533456879495,0.3275606388175162,0.3703546492263284,0.3355094042464882,0.2917386150565611,0.26279932624033714,0.24271216943555285,0.2492476592953331,0.2682486222432455,0.28225898158300283,0.3060533995677906,0.35821228277115474,0.3268717699270418,0.28122569246666573,0.24109348540671902,0.1934766338740457,0.17487076778983568,0.19763829507926833,0.22102512564768798,0.25251794911950626,0.26807382673330254,0.2927711942940497,0.2968169093303041,0.25065570502541856,0.19404985811188352,0.13412431112162276,0.09745477149031835,0.12067567948819435,0.16776836356904445,0.20569459038066612,0.24084338720874027
0.4059066425652795,0.3913992425641235,0.3578969233105162,0.31638581280605294,0.2849199940986579,0.2427154809194384,0.27602747642773107,0.2960987979834086,0.31223807665382575,0.3231942598288454,0.3199938906730482,0.3738108392627986,0.33843127883512486,0.3067862231249139,0.2766843559914622,0.25240999322125557,0.25450357937526014,0.2760755320994297,0.29118161713875274,0.3003613347314211,0.3597411842864881,0.3262376437116823,0.28647989087494435,0.24290785109354446,0.19432011529673654,0.1649242250247064,0.18511968172335028,0.20861193334218237,0.24113712113378383,0.2581116218923676,0.2844304497536722,0.29910531627701004,0.2529824888019444,0.19569962128206175,0.14209562886683608,0.09746301848430468,0.11493105084308881,0.1641774431839228,0.19833166971799082,0.23355308040887873
0.38911201409772184,0.37713432338961456,0.35511967179557463,0.3177963124028523,0.28365744154597,0.24498228360042587,0.29094803130714664,0.3109334414436556,0.3259738172333839,0.33539897232376165,0.3306196649364477,0.3644743699421712,0.3296316304893607,0.30010880753471325,0.2604417305748404,0.25459625685241355,0.26453757190122107,0.2779133538174119,0.29687773007167123,0.3089114934121244,0.35238938188322644,0.3177611296222577,0.2789118644774233,0.24334658626233024,0.19948619760454586,0.16672871743430243,0.1908892783004171,0.22309076259687108,0.24974673033914432,0.27057774500888465,0.29550540391548485,0.28977131893717156,0.24368345414865558,0.18697134547709895,0.13537766179424848,0.0979216372509283,0.1284302562595634,0.17297684521147783,0.2076155270434251,0.2428952036252339
0.4019604645696337,0.3892029362527248,0.35768294795215294,0.32611042947292357,0.29325801123334405,0.2548806943176599,0.2915313259637344,0.3057650512346302,0.32019356611288374,0.3293255614446133,0.3243462305060106,0.3773346386092358,0.34162965027219905,0.30971416291432674,0.2743851376838072,0.2548806943176599,0.26978972841908333,0.27872255979649563,0.29049220988304386,0.3024013420773982,0.36484945256383305,0.3293255614446133,0.28093698179940324,0.2446186454846095,0.1999672252315718,0.1665386584552571,0.18691796645301748,0.2242062654013521,0.24869928129774316,0.2640313161712862,0.28894716783320845,0.30192493077043153,0.25630555283515943,0.19755065042898498,0.13613908477720738,0.108172142817482,0.12961531701762768,0.1657352371533017,0.20020278114282117,0.23575465614149937
0.4019604645696337,0.3892029362527248,0.35768294795215294,0.319359546580732,0.28411608580303416,0.24563493194687494,0.28688884397668746,0.31252504211666665,0.328284474389405,0.3382506896768647,0.33367130190470196,0.36777726358073903,0.3392334594612414,0.30424322106789525,0.27117047765445207,0.24509127800609792,0.2521377515110068,0.27227816955441475,0.29049220988304386,0.3118123129560808,0.36484945256383305,0.32042936600755006,0.28093698179940324,0.23805733585509528,0.19138434111196306,0.1570256877342213,0.1829234251225381,0.21747046112191107,0.251519264194476,0.27281081684643105,0.2964109255426163,0.3024013420773982,0.254803418531853,0.19263144522213893,0.12434964064887158,0.08867040593476219,0.1155215822770747,0.167629184496989,0.20838720899129332,0.24538047238165353
0.4111404827123484,0.39771582913235004,0.3650610280414664,0.33145392494248005,0.285235669423493,0.24261630820174337,0.2803543898099213,0.3042326709819325,0.31442410977090496,0.3289705736154542,0.3242717915290958,0.3867592269341979,0.35052574807694586,0.3033245659444834,0.2692800977719755,0.24261630820174337,0.25878866751685037,0.2711266510485229,0.2901596011764204,0.3117999251396733,0.3739892741550393,0.3379050783148218,0.28854853856846746,0.2504961966794141,0.2030483861666562,0.1648544191088546,0.18541893356012076,0.21642411930730568,0.2427627900848259,0.2636653296724214,0.2870305230263216,0.31134720063469395,0.26564302630100955,0.20640445164148283,0.14290825279751015,0.1070865321401198,0.12886815183630546,0.165449494435016,0.2017970213616919,0.23575465614149937
0.39674735536883965,0.38283842232650633,0.350396760316801,0.317798957903999,0.2872790465999322,0.24508790547112705,0.28217859576739784,0.2974744907182762,0.3129962253146176,0.3265808459624213,0.3293139986691264,0.3738133159655047,0.33865279204255944,0.30776243915757706,0.27860505933135327,0.25487745131614553,0.2693481844626606,0.2772835055739651,0.2915660867359567,0.3096877273785291,0.3598338211056717,0.323480592714862,0.2825641149066823,0.23680056860195497,0.18247099718786416,0.15674226678141842,0.1778691506617487,0.20960810660768892,0.23677163379694097,0.25840199770928923,0.28451181314013496,0.2991084115633304,0.2529971268838831,0.19586985707251117,0.12923754004886245,0.09840835456868023,0.12183106761972574,0.16061557389714434,0.19837367768441982,0.23355308040887873
0.40040183916983335,0.38609295169334007,0.3529224154156403,0.31935765150564993,0.27861253636846334,0.2352010530885982,0.2696937808520955,0.2988796810338803,0.3151757151927778,0.3262386984917857,0.33237251540372853,0.3773345288665674,0.34161983193754764,0.3042038835333785,0.2659564545051058,0.24498565758941432,0.25205085651525133,0.2722288892230868,0.2904779545196352,0.3125796211935178,0.3631315750105986,0.3262386984917857,0.284664058684103,0.2316842955466094,0.18286546336050874,0.15667461960148527,0.1781856836284125,0.21057096066885866,0.23843029055095197,0.2605425321139662,0.2871110118499928,0.3024007943319242,0.2548032560155196,0.19485514314897984,0.12433332207618421,0.07890286762498155,0.10909463081832566,0.15862797796480055,0.20838641412901185,0.24538030362446617
0.40184758874650794,0.38576295413557665,0.3521974465434295,0.3180144636158349,0.2764583527950872,0.2330250911779892,0.27175803786800634,0.2975718612924711,0.3226913215630534,0.33791933991989037,0.34293463508684013,0.36777726358073903,0.3298860021424696,0.2901891186510531,0.2560504520943741,0.2330250911779892,0.24157531453954223,0.2724759260560912,0.2960727964146923,0.32121288203621606,0.36472509173413814,0.3200795679593127,0.27571994720976817,0.23082380195049987,0.18162312327961513,0.1455213750217998,0.16846267245621477,0.21011275561701057,0.2461626930641503,0.2691697275279226,0.2963328292846063,0.30316621407147604,0.25479978503277867,0.18959914461665991,0.11451322676633723,0.05820855000871991,0.09775552464861098,0.16293363702125355,0.2076908022973833,0.2459513722764146
0.38742107603123466,0.3735866099472946,0.3495994055775135,0.30949142336721375,0.27592991951378915,0.22323389682023784,0.2711517371857526,0.30288827562300635,0.3285502345051457,0.34393429319476476,0.3490426753238389,0.35500068222149567,0.31567487460440946,0.27514648720616036,0.24202625138163164,0.22303833173550916,0.2454870827532729,0.2782939683588301,0.3024708384413246,0.3275490086194848,0.3430985376794092,0.3054101012458813,0.2654043366382198,0.2223414812823546,0.1728758938440226,0.14575947077155274,0.1728758938440226,0.2161218002648622,0.2443564743739419,0.2757551196113055,0.3028544573913747,0.28293523540234744,0.23435697841939804,0.16843759745605064,0.0978461472981575,0.03989841009069958,0.0978461472981575,0.16927296952204765,0.2150875491645826,0.2539094542830715
0.37676040432829594,0.35876419118802566,0.3318759706200638,0.29529337138909806,0.26507932301359743,0.2115885103643004,0.2651070117013377,0.2964358616938342,0.32781764334775504,0.35410204590102917,0.3654812599384537,0.3457920740389564,0.3064204729715404,0.2665376908095471,0.22732606944032638,0.21138217155662417,0.23550418910914556,0.27740000021606,0.31120365679887935,0.33754942819318795,0.3320176005119563,0.29061341859657824,0.25635453376422795,0.20388999513324046,0.15056964102265533,0.1156772196078568,0.14839632909533496,0.1986146818803096,0.24030896103156654,0.2791453609562815,0.3199489218446901,0.27363406904087734,0.22503295212879196,0.16843249478669767,0.08462632933081403,0.0303009365872655,0.10454464801006559,0.17776020406459012,0.23355308040887873,0.2716022368907021
0.39523728795341273,0.37693022722118896,0.3408243047990357,0.30357996687095445,0.25449091197623275,0.20394387544832066,0.25861891532165776,0.2974730375178155,0.31579456150204194,0.33596198421394624,0.34609732897647516,0.3642315630023499,0.3247158350239519,0.270112562250203,0.22599110304670944,0.2037299250305197,0.22406923915329707,0.2575064192161198,0.2934677347798474,0.3188662221574267,0.3596342229626564,0.3087698768812204,0.2614838869693674,0.2070636859810929,0.14181125938377429,0.09701425001453319,0.14181125938377429,0.18606159439346248,0.2283943011536549,0.2678997341660686,0.30956710900391227,0.3013655418431584,0.24455902613123065,0.17850379644756662,0.093392708462141,0.009701425001453318,0.093392708462141,0.1587676043856397,0.21502219660946753,0.25290570172245214
0.3990851439494856,0.3781978689561115,0.3400779648225593,0.29440500640516853,0.2521377515110068,0.1961546439509652,0.24794765175434832,0.28099446690942065,0.31508694398605885,0.3371050291387432,0.34946655640678204,0.36777726358073903,0.3186621040432128,0.27274574001904894,0.22287623328148562,0.2057242251506117,0.2262596016731893,0.26760281851262674,0.29632597564347746,0.32197044679010844,0.36167922262728136,0.3094595122668523,0.2605554056480576,0.20420598899487205,0.13597709456194812,0.09796391673838652,0.12961531701762768,0.1829585300702098,0.22747664821176702,0.26855000976708915,0.31258081348694,0.3042995287018018,0.2469399330704969,0.1802415992992664,0.09480933789775517,0.009796391673838651,0.09430186245659976,0.16061220544924798,0.2177774263771007,0.2553677543563408
0.38961088023014956,0.3686332476343886,0.32659549103935803,0.2848405508019635,0.23976679059119566,0.19239685619515715,0.24435900676279182,0.27911103967474155,0.3142517277683033,0.34608504221313113,0.35886195682073163,0.3489168910894191,0.3072233397683293,0.25850471158176114,0.21199121548223945,0.19216561050602196,0.21478563766718198,0.2604129750550509,0.29582666342291464,0.33131280832616977,0.352208706953459,0.29997306247951694,0.24796910571718597,0.19505053487931387,0.13462817954674827,0.08647452472770989,0.12116536159207346,0.1821487158239868,0.22708316528997835,0.26838005117099206,0.3125282592720022,0.2948513344209165,0.23886683061246217,0.17217339278557045,0.09623989547684983,0.0,0.09479008554398681,0.1614607923554685,0.21774390117460468,0.2647435584085736
0.3850709719224381,0.36346118408540207,0.32452237342557855,0.278374747025869,0.24109348004850675,0.18456376663882834,0.23719578725239854,0.28047276595942144,0.3174856276982426,0.34138886889144465,0.35521067069002393,0.3458700883226422,0.30662787415157133,0.2621823003279321,0.22075422923599725,0.19402850002906638,0.22075422923599725,0.2651092023072297,0.30254202311244127,0.3386207419249499,0.3386207419249499,0.29545961082916544,0.24615926594307652,0.1895074155250403,0.1212266975280965,0.0781718797230903,0.12146961010649468,0.18523784855957565,0.23169103365437824,0.2737451818187024,0.3182934551987754,0.28299807996146076,0.2354100966853354,0.16931037096247495,0.08465518548123747,0.00934416222443678,0.09344162224436779,0.16847447514170924,0.22446963587259505,0.2716744610820983
0.38487144688883723,0.36327960091863226,0.3294505688718435,0.2858561481966767,0.23252063879180532,0.18456351906098412,0.23716322852125035,0.28037092415031056,0.3173382150822635,0.34121535911355144,0.35542229758425586,0.35502486769083497,0.30447256485863705,0.25718814668987616,0.21268434887584103,0.18432707502761306,0.22071924519152591,0.2594550018325663,0.3023968454416985,0.3374711022063987,0.3477251398581304,0.29531095139774854,0.2431573609161827,0.18515790804603177,0.12143198674838176,0.07761140001162654,0.12143198674838176,0.1813055051731756,0.23157740766091528,0.2736047650929962,0.3181274577864276,0.29210649611788325,0.23528875086873532,0.17060767955677572,0.09538694136059588,0.009701425001453318,0.09389523758398657,0.16922290651224894,0.22498073480426584,0.26221842585975513
0.39175362884089476,0.36017746214054547,0.31824007958242667,0.27099586551716626,0.2235692715773217,0.17487076778983568,0.22012343234425405,0.2655581142962394,0.3061290123597634,0.32913715411692185,0.3430097110642625,0.351716185044475,0.31093479717279,0.25079390474413416,0.2041515488032851,0.18432707502761306,0.20695477287838432,0.25251794911950626,0.28831325277342834,0.32452966199456096,0.3458787829176923,0.2927711942940497,0.250046364142738,0.1922227825137399,0.12079034500549216,0.06790997501017323,0.10747490364757281,0.1713760579147501,0.229636401239997,0.26204851105401294,0.3068212372413223,0.2895386317353657,0.24240148171710868,0.1782501824096942,0.09306393330307904,0.0,0.09306393330307904,0.1585385098603892,0.22298231335371543,0.2598846097423225
0.40468853737408256,0.37268196001934123,0.32995701635498664,0.28130356408444795,0.22579007925700786,0.17664152323125115,0.23057112036338145,0.2735967966247496,0.30901718573559084,0.33409258817468995,0.34690653445647424,0.36434280543785086,0.3121595905589114,0.26148787568437704,0.19832844925570536,0.17664152323125115,0.195739818472737,0.24180765433433718,0.27947120648909646,0.3182363004604117,0.3676228025732326,0.31384706756762265,0.261398786231383,0.19404261012459625,0.11590160917781013,0.05879810320378548,0.10851245528695848,0.17299771189190055,0.22276856320998537,0.26612901718920245,0.30968866481601104,0.30293682126077986,0.2552649798044655,0.18177709414779242,0.09793789284054942,0.01959936773459516,0.08633325996943705,0.16151425993971597,0.21687074502885118,0.253944823312627
0.39535814387695606,0.3725227246024357,0.3295521824232916,0.2804586301971649,0.22414173255869238,0.16524287300846136,0.2207903753103782,0.2673218746533663,0.3086539711164614,0.3339565931827742,0.3468824825026918,0.35500068222149567,0.31208533648968134,0.24832699491392407,0.19712818639055618,0.16497857986387482,0.1994632049907898,0.24916858599198358,0.2883791681426336,0.3275498738538064,0.3583015165320572,0.304565824729223,0.2522159491233167,0.19373660357642877,0.1214702724532001,0.0679323564145367,0.11444123833764204,0.17677684350525624,0.23164848874980395,0.26604191599081006,0.30966172210034776,0.292195834887997,0.2459775499143539,0.17987214444752675,0.09541616948079264,0.009704622344933814,0.09392393898157156,0.15999772094693893,0.21574367799244867,0.26319465409908427
0.3942834664442935,0.36143775270938383,0.3262376437116823,0.275179054356816,0.21574083739415728,0.1649242250247064,0.21574083739415728,0.26729576112131476,0.30542314174608864,0.3321150950744801,0.3462027007429975,0.35500068222149567,0.31208285127014507,0.24831187772497976,0.1970878931672232,0.1649242250247064,0.19941824974484385,0.24113712113378383,0.28837389666280133,0.3182242578801447,0.35711534093436603,0.30285774507940516,0.2497725269885811,0.18680098069482792,0.11007162174272639,0.048507125007266595,0.1022620743749713,0.1691472353392187,0.22027609264454645,0.26444222629065445,0.3096608204212511,0.3014560580433781,0.2459755319073119,0.18169274461951695,0.09784981064103088,0.019402850002906636,0.0889739028304588,0.16146086446044067,0.21683098172956658,0.263193593227772
0.38498779827105517,0.3522663823293284,0.31429546176168965,0.2621404435578705,0.20751326699359668,0.1552228000232531,0.20751326699359668,0.2621404435578705,0.30542314174608864,0.3321150950744801,0.3555305260676819,0.34565855900514053,0.2936400381157848,0.23575491621631262,0.18369569651881398,0.1552228000232531,0.18369569651881398,0.23620789574486825,0.28624460669980023,0.3271182029928511,0.3478300184953153,0.292194136082691,0.2476913828146115,0.17501464916368756,0.10116031322557956,0.029104275004359956,0.0926022619286143,0.16348833072034394,0.22754435980293783,0.27368664786277525,0.3189627980480842,0.292194136082691,0.2476913828146115,0.17501464916368756,0.10116031322557956,0.029104275004359956,0.0926022619286143,0.16348833072034394,0.22754435980293783,0.27368664786277525
0.3851094386036079,0.3524691412745079,0.3146518989034629,0.2628735068200267,0.20896692285971924,0.14694587510757978,0.20076914530252382,0.2578978669212344,0.2938631371658239,0.3322856750412294,0.3562923329703337,0.34573400230416085,0.2923074665047753,0.23618996694110933,0.17715277517321365,0.14694587510757978,0.17715277517321365,0.23210332618161264,0.2864208884538859,0.32719236649660943,0.34794756643277386,0.2923074665047753,0.24783677853590877,0.17518208633560955,0.10132544302836882,0.029389175021515956,0.09277872287890139,0.16361256643598915,0.22765765618347358,0.2737992893585543,0.31905795185606145,0.2923074665047753,0.24783677853590877,0.17518208633560955,0.10132544302836882,0.029389175021515956,0.09277872287890139,0.16361256643598915,0.22765765618347358,0.2737992893585543
0.39355368654092465,0.3599102629250505,0.3146518989034629,0.2708889728357572,0.20896692285971924,0.15674226678141842,0.20896692285971924,0.25494852874072216,0.2938631371658239,0.3306933740635057,0.355618306733929,0.34587276510167836,0.30299854908317775,0.23618996694110933,0.17715277517321365,0.15674226678141842,0.17932653930748785,0.23681057343496076,0.27728223284190867,0.3183050898013548,0.3562923329703337,0.3015698876513794,0.24608808420281506,0.1818120853202161,0.10132544302836882,0.029389175021515956,0.08908482693618028,0.16361256643598915,0.2184588751645327,0.2632819854583539,0.3183050898013548,0.3015698876513794,0.24608808420281506,0.1818120853202161,0.10132544302836882,0.029389175021515956,0.08908482693618028,0.16361256643598915,0.21691587104073803,0.2632819854583539
0.3929532859475704,0.3585071898118433,0.32095516914111,0.2715779229184164,0.21043996231655118,0.14839851749961977,0.20213687102873978,0.25852187296435514,0.300286889532293,0.3294311655350297,0.35521596109109355,0.35562903042423827,0.3048482043578461,0.2408978585508118,0.18599797026181253,0.15829175199959442,0.19398299847288228,0.23738960961458394,0.2887524186281997,0.3283896469191252,0.35562903042423827,0.30048256738232404,0.24475441027531886,0.1818959679409999,0.09804193779960965,0.029679703499923955,0.08918109430617732,0.16159965364560122,0.2262153500131235,0.2623836591976214,0.31785551611229124,0.30048256738232404,0.24475441027531886,0.1818959679409999,0.09804193779960965,0.029679703499923955,0.08918109430617732,0.16159965364560122,0.2262153500131235,0.2623836591976214
0.3924939652419324,0.3676877203525104,0.320898992689644,0.2666447842668283,0.20217126673514949,0.1487430458189889,0.20217126673514949,0.2585013596355247,0.29123204480153525,0.32936194705731076,0.34580020619782503,0.3555520456269654,0.304788168281255,0.2408728755194265,0.18602380692969697,0.1583460053007687,0.1805478485672351,0.22932991992786672,0.27963854405263583,0.3190167651576737,0.3555520456269654,0.2996024788781023,0.24470302139670577,0.18186110684146098,0.09802558520860255,0.029689875993894128,0.08916717612376947,0.16156744927526767,0.21691036063501218,0.2623272411786639,0.30844887432665563,0.2996024788781023,0.24470302139670577,0.1799662741486989,0.09802558520860255,0.019793250662596087,0.08916717612376947,0.16156744927526767,0.21691036063501218,0.2623272411786639
0.3924939652419324,0.35843278895970104,0.31829409235659817,0.2620130934762634,0.1940131328699374,0.1385527546381726,0.18876907745615557,0.24550445128103726,0.28869872882481157,0.3200895168578674,0.34580020619782503,0.3555520456269654,0.304788168281255,0.2408728755194265,0.1782259917888594,0.14844937996947064,0.1805478485672351,0.22932991992786672,0.27963854405263583,0.3190167651576737,0.3555520456269654,0.2996024788781023,0.25397865616764614,0.1799662741486989,0.09802558520860255,0.02188716605643413,0.08041831739513562,0.1523940841406275,0.21577856377794016,0.2623272411786639,0.30844887432665563,0.2996024788781023,0.24470302139670577,0.1799662741486989,0.09802558520860255,0.02188716605643413,0.08041831739513562,0.1523940841406275,0.21577856377794016,0.2623272411786639
0.38362161544436246,0.3585095295089101,0.311997255003349,0.258543805553225,0.20218483550312863,0.1385527546381726,0.18878128848903064,0.2455454973837675,0.29129091173191435,0.32943279510545664,0.3552160555464039,0.34587561860038873,0.29386514961952614,0.23264172052689108,0.17066201848582588,0.1385527546381726,0.16467336486844122,0.21977150506875495,0.27741034076282106,0.3183174921457065,0.3563172626487954,0.3004835723252809,0.24615224483344686,0.18189891923378462,0.10148116995200918,0.029689875993894128,0.0929487701315802,0.16370905395152804,0.22621668488033636,0.2633157211314592,0.3183174921457065,0.3004835723252809,0.24615224483344686,0.18189891923378462,0.10148116995200918,0.029689875993894128,0.0929487701315802,0.16370905395152804,0.21695681652681395,0.2633157211314592
0.39286775626649884,0.3676854390591377,0.31828734591279023,0.2619946529339302,0.19396885595991437,0.12861204849967048,0.18598322055331193,0.240856020409971,0.28869303407825525,0.3293603171363501,0.35513850884774356,0.35513850884774356,0.3015557825677617,0.2325867128897711,0.16328439952668866,0.12861204849967048,0.164624925901938,0.2197180039886255,0.2773482252778898,0.3182478783442546,0.365549674701219,0.3097154333905178,0.2553227104550914,0.18185815493503626,0.10145710443778695,0.029679703499923955,0.08916378951793105,0.161565580271996,0.22616683692582132,0.26232672957230735,0.3182478783442546,0.3004176382603971,0.2553227104550914,0.18185815493503626,0.09802250465479644,0.029679703499923955,0.08916378951793105,0.161565580271996,0.21690896849628333,0.26232672957230735
0.39357625603946167,0.3600089691537269,0.30931739823279786,0.25376429923502153,0.18603855342038492,0.12865612930687456,0.18603855342038492,0.2409147107331466,0.288758112203603,0.32943279510545664,0.35562940780648356,0.34573400230416085,0.292361484167073,0.22029079486929987,0.16333078316702618,0.12865612930687456,0.16333078316702618,0.22815343357109313,0.28465876191087885,0.3276440876555179,0.3563172626487954,0.30162224650711517,0.24615224483344686,0.1727906890268831,0.10148116995200918,0.029689875993894128,0.08918448025490033,0.16370905395152804,0.22621668488033636,0.2726023311575785,0.3276440876555179,0.30162224650711517,0.24615224483344686,0.1727906890268831,0.10148116995200918,0.029689875993894128,0.08918448025490033,0.16160152225479713,0.22621668488033636,0.2726023311575785
0.39349009435846105,0.35843044876170127,0.30924738037028976,0.2492259217630417,0.18598322055331193,0.11908581806279006,0.1781890898739558,0.24506766863937096,0.28869303407825525,0.3293603171363501,0.3644770993672924,0.3458001091705752,0.29229702056318124,0.2325867128897711,0.16328439952668866,0.12861204849967048,0.164624925901938,0.2197180039886255,0.28648085236186255,0.32757244303771843,0.3562392021908464,0.3004176382603971,0.244701787373912,0.17996459622457756,0.09802250465479644,0.019786468999949302,0.08637592787831844,0.161565580271996,0.22508233533681316,0.271643154194814,0.32712394771872755,0.3004176382603971,0.244701787373912,0.18185815493503626,0.09802250465479644,0.019786468999949302,0.08637592787831844,0.161565580271996,0.22508233533681316,0.271643154194814
0.3841752298945065,0.35071837507162895,0.30924738037028976,0.2492259217630417,0.1781890898739558,0.11908581806279006,0.1781890898739558,0.23655068104198537,0.28869303407825525,0.3293603171363501,0.35555166816260797,0.34565855900514053,0.2911226813699207,0.22023918480489169,0.15623906388847522,0.11871881399969582,0.15701740033012698,0.22398480313257535,0.2754004377033718,0.32712394771872755,0.3571995265949707,0.3015557825677617,0.24609773945749208,0.18185815493503626,0.09802250465479644,0.029679703499923955,0.08916378951793105,0.161565580271996,0.22616683692582132,0.27254244378677045,0.32757244303771843,0.3015557825677617,0.24609773945749208,0.17275185575663687,0.10145710443778695,0.029679703499923955,0.08916378951793105,0.161565580271996,0.22616683692582132,0.27254244378677045
0.39720055661569725,0.3618129823878208,0.31217378315407923,0.2516017420451422,0.17992882346709996,0.11990411504661473,0.17415231271451614,0.2302723979789531,0.2822781740481728,0.3231078598351232,0.349059933454266,0.3583470773350791,0.30440127894008506,0.23115558967490268,0.1648717326394067,0.12989612463383263,0.1585475787676362,0.22181401111737845,0.27800144138076915,0.3212485113119452,0.3595986514642576,0.30325114481436355,0.2577329177562468,0.18357723455838731,0.09895152127735554,0.022097272116531758,0.09000979792874823,0.15383184303987632,0.21895591469618716,0.2648003710771315,0.3212485113119452,0.30325114481436355,0.2577329177562468,0.18357723455838731,0.09895152127735554,0.019984019174435787,0.09000979792874823,0.16309161091167038,0.21895591469618716,0.2648003710771315
0.39720055661569725,0.3633275065775658,0.31217378315407923,0.2516017420451422,0.17992882346709996,0.11990411504661473,0.17992882346709996,0.2302723979789531,0.2822781740481728,0.3231078598351232,0.3494887092738044,0.3489168910894191,0.29386862172690115,0.22233112258453475,0.15775411989842214,0.11990411504661473,0.1585475787676362,0.2174959555296384,0.27800144138076915,0.3207819902260222,0.3595986514642576,0.30440127894008506,0.2577329177562468,0.18357723455838731,0.09895152127735554,0.029976028761653683,0.09000979792874823,0.16309161091167038,0.21895591469618716,0.2657412986356125,0.3212485113119452,0.30440127894008506,0.248421116304297,0.18357723455838731,0.09895152127735554,0.029976028761653683,0.09000979792874823,0.16309161091167038,0.21895591469618716,0.2657412986356125
0.39351255616397635,0.36002740670538586,0.309450559760261,0.24970227121855584,0.18172607054829587,0.12026750214127414,0.17926608275729003,0.24134889007574864,0.2888596754387281,0.3215372670545514,0.35556271654954424,0.34565855900514053,0.2923507737250337,0.22052438684548117,0.1579154964341651,0.12989612463383263,0.16414821088397136,0.21581346828331216,0.2754895737685873,0.31778931380825975,0.3562640126058859,0.30160788561900737,0.24616158114864453,0.18194453875807515,0.09811263384129323,0.029976028761653683,0.08926286384423257,0.1616202779019479,0.22620591421425554,0.2725748725868565,0.3182602217329363,0.30160788561900737,0.24616158114864453,0.17284279080966877,0.09811263384129323,0.029976028761653683,0.08926286384423257,0.1616202779019479,0.22620591421425554,0.2725748725868565
0.4029163778780428,0.3693242412155927,0.31855690634350803,0.25432174786130346,0.18722417887132367,0.11994603642268402,0.1736297594037151,0.23312826887286153,0.2708307113749818,0.3123811924924212,0.346311479268248,0.3550781645285976,0.30051302672126207,0.22930987043791942,0.15704217502829032,0.11994603642268402,0.15796192307761828,0.20740796422928637,0.2663671005992045,0.30851931459915943,0.36565396615439555,0.31093860920548705,0.2554408078813362,0.19111229255458992,0.1102881624822093,0.03140866275442304,0.08054344330636935,0.1547604064999896,0.21699760881000807,0.2540681714906052,0.30981195607683126,0.31093860920548705,0.2554408078813362,0.18198540333247637,0.10163610609667108,0.03140866275442304,0.08054344330636935,0.1547604064999896,0.21699760881000807,0.2540681714906052
0.4028281637185009,0.35849894109676766,0.309450559760261,0.24970227121855584,0.17926608275729003,0.12026750214127414,0.17158275416307167,0.23696548561633118,0.2888596754387281,0.32013692664950477,0.3551412741900305,0.3551412741900305,0.2923507737250337,0.22433967446402198,0.1579154964341651,0.12989612463383263,0.16414821088397136,0.22016452472799114,0.2754895737685873,0.3182602217329363,0.3655738532426015,0.30974397037029205,0.2540122661457712,0.18001370335269293,0.09811263384129323,0.019984019174435787,0.08642139540483439,0.1616202779019479,0.22509978753333346,0.27165761518460285,0.3182602217329363,0.30974397037029205,0.2540122661457712,0.18001370335269293,0.09811263384129323,0.019984019174435787,0.08642139540483439,0.1616202779019479,0.22509978753333346,0.27165761518460285
0.3991226836343023,0.36441521089575823,0.3157316233418898,0.24785834920882993,0.1865902692497577,0.12994153945790768,0.17865759494577682,0.23959836309161037,0.2863504780482498,0.32640709584949795,0.3522838559257975,0.3518581886259954,0.29886848005601613,0.2311081399671862,0.16347235859189363,0.12994153945790768,0.16507757297336342,0.21856463397837558,0.2730281218037592,0.3153277571127832,0.36221524627956414,0.3069061803338455,0.25169625067111917,0.18034586216599063,0.09729321026220489,0.029986509105671005,0.0885340665310094,0.16017858548776714,0.2241513600420121,0.2691583987101608,0.3153277571127832,0.3069061803338455,0.25169625067111917,0.18034586216599063,0.09729321026220489,0.029986509105671005,0.0885340665310094,0.16017858548776714,0.2241513600420121,0.2691583987101608
0.4066052455111845,0.3711574701257076,0.3121809406582042,0.25614413389173013,0.18784424299674568,0.11994603642268402,0.1799668505034542,0.24317123611215108,0.28228423439051636,0.3231095886732726,0.3494891088592236,0.3584864542985136,0.3044031140210909,0.2348102357973879,0.16490222276221755,0.12994153945790768,0.16626828201632132,0.22182975017249515,0.2780045809751847,0.3212489460239293,0.3689977050542197,0.31263754106002106,0.2577350851175021,0.18358027740877542,0.09895469666027959,0.029986509105671005,0.09001328874782373,0.163093537510806,0.21895734974754555,0.26574248103863035,0.3212489460239293,0.31263754106002106,0.25637473263571803,0.18358027740877542,0.09895469666027959,0.029986509105671005,0.09001328874782373,0.163093537510806,0.21895734974754555,0.26480089845755994
0.3929532859475704,0.3585071898118433,0.3093104559962446,0.24926994711590628,0.17820448469171848,0.1190859780375967,0.17820448469171848,0.23659328052179687,0.2887524186281997,0.3294311655350297,0.35562903042423827,0.35521596109109355,0.3016204666841647,0.22402596535683264,0.16330119945341345,0.12861204849967048,0.16463892768160615,0.2197562377556679,0.27545860748540874,0.31831707052815356,0.3656289335322613,0.3097824110559722,0.2540321433127675,0.18000280700892654,0.09804193779960965,0.019786468999949302,0.0863937910806665,0.16159965364560122,0.2262153500131235,0.2717021283897114,0.31831707052815356,0.3097824110559722,0.2540321433127675,0.18000280700892654,0.09804193779960965,0.019786468999949302,0.08918109430617732,0.16159965364560122,0.2262153500131235,0.2717021283897114
0.4022858699848943,0.3677642376005075,0.3183525201527125,0.24926994711590628,0.17820448469171848,0.11871881399969582,0.17820448469171848,0.22813872718725126,0.27968995436146116,0.3108862731317543,0.3458755215942941,0.35521596109109355,0.30307720257818255,0.23263003825711628,0.16330119945341345,0.12861204849967048,0.16463892768160615,0.2197562377556679,0.26828570490769943,0.3089915237596234,0.37494302644853855,0.3097824110559722,0.26331457433702943,0.1892253467970925,0.10698505638037,0.02188190401136396,0.0863937910806665,0.15242410217892305,0.21582464144856758,0.2623836591976214,0.3089915237596234,0.3097824110559722,0.2540321433127675,0.1892253467970925,0.09804193779960965,0.019786468999949302,0.0863937910806665,0.15242410217892305,0.21582464144856758,0.2623836591976214
0.4122137413507871,0.3692283672501703,0.3183592652153942,0.2620585327410549,0.18603855342038492,0.12899501143805453,0.17824138341938103,0.2409147107331466,0.29129091173191435,0.32153200907194573,0.34630012001303995,0.3644223267530344,0.31088799990829075,0.23264172052689108,0.16333078316702618,0.12865612930687456,0.15706284498057624,0.21549615721439688,0.27546165257566346,0.3178556216697883,0.37494383181895247,0.31908579061229336,0.2646143823483845,0.19102994047480087,0.10148116995200918,0.029689875993894128,0.08918448025490033,0.16370905395152804,0.21695681652681395,0.2633157211314592,0.3183174921457065,0.31908579061229336,0.2646143823483845,0.18189891923378462,0.10148116995200918,0.029689875993894128,0.08918448025490033,0.16160152225479713,0.21695681652681395,0.2633157211314592
0.4022959820303031,0.3678333647988916,0.31855690634350803,0.25818593027130005,0.18722417887132367,0.11994603642268402,0.17931954942825837,0.24140814255758614,0.27986806924235635,0.32020745514271554,0.346311479268248,0.36455938105749314,0.3016744102433353,0.23298387939086518,0.16419554378527143,0.12994153945790768,0.15796192307761828,0.22021853518287993,0.2663671005992045,0.3090046888374295,0.374967437267412,0.30981195607683126,0.2646738399488741,0.19111229255458992,0.09813525103653437,0.029986509105671005,0.0892836687762571,0.16165628347478292,0.21699760881000807,0.26334933261125243,0.3090046888374295,0.30981195607683126,0.2540681714906052,0.18198540333247637,0.09813525103653437,0.029986509105671005,0.0892836687762571,0.16165628347478292,0.21699760881000807,0.2623991626933216
0.40599014270204925,0.3711551185107283,0.3212986425578847,0.2516017420451422,0.1878024199162391,0.12027437473435335,0.17992882346709996,0.24315386323610422,0.2914236501881973,0.3231078598351232,0.3494887092738044,0.367912973218569,0.30440127894008506,0.23479819203520264,0.1648717326394067,0.12989612463383263,0.1585475787676362,0.22181401111737845,0.27800144138076915,0.3212485113119452,0.3783966470581562,0.31263653601591634,0.2577329177562468,0.18357723455838731,0.09895152127735554,0.029976028761653683,0.09000979792874823,0.16309161091167038,0.21895591469618716,0.2657412986356125,0.3212485113119452,0.31263653601591634,0.25637350702834116,0.18357723455838731,0.09895152127735554,0.029976028761653683,0.09000979792874823,0.16309161091167038,0.21895591469618716,0.2648003710771315
0.4116285228749885,0.37709069820445373,0.31854989210112034,0.25816956777356065,0.1852691264976185,0.11990411504661473,0.1735903441574853,0.23311014753113551,0.2798619565785513,0.3202057106355169,0.3463110760163725,0.364559285290728,0.3109368126955456,0.23297174121294667,0.16416492241200908,0.12989612463383263,0.16564395758299102,0.22020268096570075,0.26841745371664183,0.3090042369000337,0.37496659928967746,0.31911254336747563,0.26334813946327223,0.18927205121453092,0.10706764118624747,0.022060697859333657,0.08053954203756893,0.1524820790307073,0.21699616079837977,0.2623986304857779,0.3090042369000337,0.31911254336747563,0.26334813946327223,0.18927205121453092,0.10706764118624747,0.022060697859333657,0.0892801494293294,0.16165433974643048,0.21699616079837977,0.2623986304857779
0.4129919604937228,0.3692423717229668,0.32113832780175633,0.26253388004901007,0.1871675608626776,0.11990411504661473,0.17926608275729003,0.23307058965529204,0.2824681844442822,0.3215372670545514,0.34623575845928223,0.36434280543785086,0.31087008374864533,0.22925617150276612,0.1637992396580446,0.12989612463383263,0.1579154964341651,0.21581346828331216,0.2663077450664792,0.3084519494767766,0.37581627159126024,0.32013692664950477,0.264615292041245,0.1910694914560711,0.11026219342274059,0.03139805036159173,0.08926286384423257,0.1547252798801305,0.2185544781141194,0.26329141838072884,0.30974397037029205,0.32013692664950477,0.264615292041245,0.1910694914560711,0.11026219342274059,0.03139805036159173,0.08926286384423257,0.16376811661077456,0.21694971333144858,0.26329141838072884
0.4066044727363259,0.3618129823878208,0.31217378315407923,0.2516017420451422,0.17992882346709996,0.12027437473435335,0.17992882346709996,0.23880359260117912,0.2914236501881973,0.3324676669370335,0.35890387133180573,0.3584863569094146,0.30440127894008506,0.23479819203520264,0.1648717326394067,0.12989612463383263,0.16623279196011886,0.22181401111737845,0.2799697201864638,0.3306609539868014,0.36899685351945194,0.31263653601591634,0.25637350702834116,0.1816637532887829,0.09895152127735554,0.019984019174435787,0.08719267426348855,0.16309161091167038,0.2283009592050638,0.2742045879309336,0.3306609539868014,0.31263653601591634,0.25637350702834116,0.1816637532887829,0.09895152127735554,0.019984019174435787,0.08719267426348855,0.16309161091167038,0.22720503228581213,0.2742045879309336
0.3934908617679958,0.3599325482973978,0.30925432402278413,0.2537210537375892,0.18602380692969697,0.11912638268122866,0.1782259917888594,0.2408728755194265,0.28869872882481157,0.32936194705731076,0.3555520456269654,0.35500068222149567,0.29229885715708576,0.22399693628383235,0.16331398628354488,0.12865612930687456,0.17064594322609647,0.2281130161357676,0.27540348343680005,0.3182483000534738,0.36555050076679757,0.3108212604819727,0.25532481301150517,0.18186110684146098,0.09802558520860255,0.019793250662596087,0.08916717612376947,0.17075911390596657,0.22616817207936324,0.2725435517526591,0.327572852742723,0.30971640837541314,0.25532481301150517,0.18186110684146098,0.09802558520860255,0.019793250662596087,0.08916717612376947,0.17075911390596657,0.22616817207936324,0.27164364825486703
0.3991218963718006,0.36591657944167927,0.31572454633207386,0.2606134292827095,0.18654816503539248,0.11990411504661473,0.1786192891765373,0.23139549825970726,0.2773783982152736,0.3186345249213369,0.3430430764765815,0.351716185044475,0.2988666109916187,0.2310959032671664,0.1634416017273345,0.12989612463383263,0.16504182687117025,0.2185486597819583,0.2639309496486919,0.30560113392191046,0.37237869520953365,0.3080416479767359,0.2622231566474267,0.18937939758215871,0.10613370681552889,0.03137244142025449,0.08853051738520563,0.1601766238276888,0.21498097149355247,0.26088714436131855,0.30609079342758844,0.3080416479767359,0.25307954473447913,0.18937939758215871,0.10613370681552889,0.022023369467727424,0.08853051738520563,0.1601766238276888,0.21498097149355247,0.26088714436131855
0.4029163778780428,0.3601072976744234,0.3095208129999792,0.24976312693010475,0.17931954942825837,0.1203094552443341,0.17931954942825837,0.24140814255758614,0.2889249467843912,0.3308422999360926,0.3556404690817771,0.3550781645285976,0.3016744102433353,0.2205763249644186,0.15704217502829032,0.11994603642268402,0.15796192307761828,0.21586549446467163,0.2755508922852409,0.31785871565062784,0.36565396615439555,0.31093860920548705,0.2554408078813362,0.18198540333247637,0.09813525103653437,0.029986509105671005,0.0892836687762571,0.16165628347478292,0.22625580768250142,0.27263479775031974,0.3276560936828934,0.31093860920548705,0.2554408078813362,0.18198540333247637,0.09813525103653437,0.029986509105671005,0.0892836687762571,0.16165628347478292,0.22625580768250142,0.27263479775031974
0.412145734020548,0.36775458106936315,0.31849177392794853,0.25813980932948566,0.17930425034845485,0.11994603642268402,0.17930425034845485,0.23698021838751604,0.2798108161434305,0.3201386715315227,0.34580305015201557,0.3644798896444779,0.31087188064420934,0.23294061983556805,0.16417883537413935,0.12994153945790768,0.16566565994685795,0.22018038169263252,0.26836648748678454,0.3182606605266227,0.3748861382228523,0.31904450856185884,0.26329261178574875,0.1892334463147814,0.10704904454165613,0.022066163914423915,0.08642301131679672,0.16162222203994064,0.21579679362304457,0.2623422364323465,0.3182606605266227,0.31904450856185884,0.26329261178574875,0.1892334463147814,0.10704904454165613,0.022066163914423915,0.08642301131679672,0.16006933576576135,0.21579679362304457,0.2623422364323465
0.4029155980280942,0.3678309919322619,0.31854989210112034,0.2497462126003799,0.17928138509414687,0.11990411504661473,0.1735903441574853,0.22856879820871356,0.2798619565785513,0.3202057106355169,0.34587836099537156,0.3552187258304225,0.30167255856356306,0.23297174121294667,0.16416492241200908,0.12989612463383263,0.16564395758299102,0.22020268096570075,0.26841745371664183,0.3090042369000337,0.3656531068327122,0.3098109418663702,0.2540669347564821,0.18927205121453092,0.10706764118624747,0.022060697859333657,0.08643924921103903,0.1524820790307073,0.21699616079837977,0.2623986304857779,0.3090042369000337,0.3098109418663702,0.2540669347564821,0.18198233381486875,0.09813204913777465,0.019984019174435787,0.0892801494293294,0.16165433974643048,0.21584284218681196,0.2623986304857779
0.4029163778780428,0.3678333647988916,0.31855690634350803,0.24976312693010475,0.17931954942825837,0.11994603642268402,0.17931954942825837,0.22858407216642795,0.27986806924235635,0.32020745514271554,0.34587846193450766,0.35521882411539646,0.3016744102433353,0.23298387939086518,0.16419554378527143,0.12994153945790768,0.16567957377286593,0.22021853518287993,0.27753793457722353,0.3183298499321862,0.374967437267412,0.30981195607683126,0.26334933261125243,0.19111229255458992,0.1070705758703671,0.019991006070447338,0.0892836687762571,0.16165628347478292,0.21699760881000807,0.2623991626933216,0.3183298499321862,0.30981195607683126,0.2540681714906052,0.19111229255458992,0.09813525103653437,0.019991006070447338,0.0892836687762571,0.16165628347478292,0.21584348918747923,0.2623991626933216
0.40293901278813626,0.3679022318710611,0.3187604312765565,0.2502535763641386,0.1804237722296933,0.12151630528552701,0.1804237722296933,0.2374498924391573,0.2890967555490254,0.32952976222304475,0.3552216768782309,0.3552216768782309,0.3017281513014349,0.22959252306798922,0.16508187068239188,0.13125288210999958,0.15888302795275636,0.2206782161062286,0.2756428163323432,0.31834258312528274,0.374991759209728,0.3098413926389896,0.2541040657464882,0.18207447519683131,0.09822814240491205,0.02019275109384609,0.08938575934937536,0.16171269106410738,0.22629611347607614,0.27173201764376476,0.31834258312528274,0.3098413926389896,0.2541040657464882,0.18207447519683131,0.09822814240491205,0.030289126640769135,0.08938575934937536,0.16171269106410738,0.22629611347607614,0.27173201764376476
0.41223521265198254,0.37709301280416907,0.31855690634350803,0.25818593027130005,0.17931954942825837,0.11994603642268402,0.17931954942825837,0.22858407216642795,0.27986806924235635,0.32020745514271554,0.346311479268248,0.36455938105749314,0.3123811924924212,0.23298387939086518,0.16419554378527143,0.12994153945790768,0.16567957377286593,0.22021853518287993,0.2684221361434737,0.3090046888374295,0.374967437267412,0.31911352801547604,0.26334933261125243,0.18927371132563817,0.1070705758703671,0.0220670272439505,0.08644086478924512,0.16165628347478292,0.21699760881000807,0.2623991626933216,0.3090046888374295,0.31911352801547604,0.26334933261125243,0.18927371132563817,0.1070705758703671,0.019991006070447338,0.08644086478924512,0.16165628347478292,0.21699760881000807,0.2623991626933216
0.4083528051595911,0.37505361146091615,0.3157316233418898,0.2606327193022661,0.1865902692497577,0.11994603642268402,0.17865759494577682,0.23141375387069726,0.2800729341650989,0.31863726415039545,0.3430434835700311,0.36097187412459275,0.30804346137128286,0.22740382798741696,0.1562858923968246,0.11994603642268402,0.15733039463370388,0.20581503515104257,0.26393425661680053,0.3056012481644889,0.3806661654166484,0.317223131843982,0.2622252868956742,0.18938234720786182,0.10613666732298337,0.031382455428030184,0.0885340665310094,0.16017858548776714,0.21498243307846485,0.2608883487644254,0.3069061803338455,0.317223131843982,0.2622252868956742,0.18938234720786182,0.10938172935604833,0.031382455428030184,0.0885340665310094,0.16017858548776714,0.21498243307846485,0.2608883487644254
0.4028289437377165,0.3692457755854515,0.31849177392794853,0.24971918852457992,0.17930425034845485,0.11994603642268402,0.17930425034845485,0.2413663928687365,0.2798108161434305,0.32153998155488017,0.34623616179887806,0.36434280543785086,0.3016097376958278,0.22926591764502816,0.15702470545581018,0.11994603642268402,0.15794732939321524,0.21582657145193498,0.2754927419889691,0.31778942366929186,0.3748861382228523,0.3201386715315227,0.26461740303209685,0.19107241499143565,0.10704904454165613,0.029986509105671005,0.08926638387264829,0.16162222203994064,0.22620730327187083,0.26329261178574875,0.31904450856185884,0.31087188064420934,0.26461740303209685,0.19107241499143565,0.09811583637364908,0.029986509105671005,0.08926638387264829,0.16162222203994064,0.22620730327187083,0.26329261178574875
0.4121242580575968,0.3676877203525104,0.31829409235659817,0.2620130934762634,0.18602380692969697,0.12899486375207653,0.18602380692969697,0.2408728755194265,0.28869872882481157,0.3306974159347417,0.3555520456269654,0.3644771914225522,0.30155756277248436,0.23259839733556534,0.16331398628354488,0.12865612930687456,0.15704816774945818,0.21973327395823739,0.27540348343680005,0.31778632901382275,0.3748625276549149,0.3190167651576737,0.2645579327477934,0.1909900457170326,0.09802558520860255,0.029689875993894128,0.08916717612376947,0.16156744927526767,0.22616817207936324,0.2725435517526591,0.3182483000534738,0.3190167651576737,0.2645579327477934,0.1909900457170326,0.09802558520860255,0.029689875993894128,0.08916717612376947,0.16156744927526767,0.22616817207936324,0.2725435517526591
0.40289440995197506,0.36776651840508484,0.3183592652153942,0.24928623333115588,0.17824138341938103,0.11912654260156115,0.17824138341938103,0.23660746141177758,0.288758112203603,0.32015831102957326,0.34630012001303995,0.36455668342391345,0.30162224650711517,0.23264172052689108,0.16333078316702618,0.12865612930687456,0.15706284498057624,0.21977150506875495,0.27546165257566346,0.3183174921457065,0.37494383181895247,0.31908579061229336,0.2633157211314592,0.18922694260376702,0.09804501774283046,0.019793250662596087,0.08918448025490033,0.16160152225479713,0.22621668488033636,0.2633157211314592,0.3183174921457065,0.309783385830068,0.2633157211314592,0.18922694260376702,0.09804501774283046,0.019793250662596087,0.08918448025490033,0.16160152225479713,0.22621668488033636,0.2623841706929744
0.4121449716341464,0.3784635717008666,0.31848475825109807,0.2581234439081304,0.1871675608626776,0.11990411504661473,0.17926608275729003,0.24134889007574864,0.27980470222886394,0.3215372670545514,0.34623575845928223,0.36434280543785086,0.31087008374864533,0.2329284794033431,0.16414821088397136,0.12989612463383263,0.16563004076502902,0.22016452472799114,0.2754895737685873,0.31778931380825975,0.37488530006339077,0.32013692664950477,0.264615292041245,0.1910694914560711,0.10704610926725211,0.019984019174435787,0.08926286384423257,0.1616202779019479,0.21694971333144858,0.26329141838072884,0.3182602217329363,0.31904352370084715,0.264615292041245,0.1910694914560711,0.10704610926725211,0.019984019174435787,0.08926286384423257,0.1616202779019479,0.21694971333144858,0.26329141838072884
0.40280622138237054,0.36914660918623815,0.30924738037028976,0.2492259217630417,0.17246454890135762,0.11908581806279006,0.18420975382657603,0.2492259217630417,0.28869303407825525,0.33069487946444004,0.35555166816260797,0.35500068222149567,0.3015557825677617,0.2325867128897711,0.16328439952668866,0.12861204849967048,0.17061271157384053,0.22809830714605672,0.2754004377033718,0.32712394771872755,0.365549674701219,0.31081953333466145,0.2553227104550914,0.18185815493503626,0.09802250465479644,0.019786468999949302,0.09802250465479644,0.17075734550894567,0.22616683692582132,0.27254244378677045,0.32757244303771843,0.3097154333905178,0.2553227104550914,0.18185815493503626,0.09802250465479644,0.021881033377688465,0.09802250465479644,0.17075734550894567,0.22616683692582132,0.27254244378677045
0.4129919604937228,0.3784635717008666,0.32113832780175633,0.26253388004901007,0.1871675608626776,0.12989612463383263,0.1871675608626776,0.24134889007574864,0.2914404157429665,0.3215372670545514,0.34623575845928223,0.36434280543785086,0.31087008374864533,0.24157320635381535,0.16414821088397136,0.12989612463383263,0.1579154964341651,0.22016452472799114,0.2754895737685873,0.31778931380825975,0.37581627159126024,0.32013692664950477,0.264615292041245,0.1910694914560711,0.10704610926725211,0.029976028761653683,0.08926286384423257,0.1616202779019479,0.21694971333144858,0.26329141838072884,0.31904352370084715,0.32013692664950477,0.264615292041245,0.1910694914560711,0.10704610926725211,0.029976028761653683,0.08926286384423257,0.1616202779019479,0.21694971333144858,0.26329141838072884
