source,driving
Adjectives_Bad_Bad_001,Adjectives_Bad_Bad_001
Adjectives_Bad_Bad_002,Adjectives_Bad_Bad_002
Adjectives_Bad_Bad_003,Adjectives_Bad_Bad_003
Adjectives_Bad_Bad_004,Adjectives_Bad_Bad_004
Adjectives_Beautiful_Beautiful_001,Adjectives_Beautiful_Beautiful_001
Adjectives_Beautiful_Beautiful_002,Adjectives_Beautiful_Beautiful_002
Adjectives_Beautiful_Beautiful_003,Adjectives_Beautiful_Beautiful_003
Adjectives_Beautiful_Beautiful_004,Adjectives_Beautiful_Beautiful_004
Adjectives_Beautiful_Beautiful_005,Adjectives_Beautiful_Beautiful_005
Adjectives_Beautiful_Beautiful_006,Adjectives_Beautiful_Beautiful_006
Adjectives_Beautiful_Beautiful_007,Adjectives_Beautiful_Beautiful_007
Adjectives_Beautiful_Beautiful_008,Adjectives_Beautiful_Beautiful_008
Adjectives_Beautiful_Beautiful_009,Adjectives_Beautiful_Beautiful_009
Adjectives_Beautiful_Beautiful_010,Adjectives_Beautiful_Beautiful_010
Adjectives_Beautiful_Beautiful_011,Adjectives_Beautiful_Beautiful_011
Adjectives_Beautiful_Beautiful_012,Adjectives_Beautiful_Beautiful_012
Adjectives_Beautiful_Beautiful_013,Adjectives_Beautiful_Beautiful_013
Adjectives_Beautiful_Beautiful_014,Adjectives_Beautiful_Beautiful_014
Adjectives_Beautiful_Beautiful_015,Adjectives_Beautiful_Beautiful_015
Adjectives_Beautiful_Beautiful_016,Adjectives_Beautiful_Beautiful_016
Adjectives_Beautiful_Beautiful_017,Adjectives_Beautiful_Beautiful_017
Adjectives_Beautiful_Beautiful_018,Adjectives_Beautiful_Beautiful_018
Adjectives_Beautiful_Beautiful_019,Adjectives_Beautiful_Beautiful_019
Adjectives_Beautiful_Beautiful_020,Adjectives_Beautiful_Beautiful_020
Adjectives_Beautiful_Beautiful_021,Adjectives_Beautiful_Beautiful_021
Adjectives_Beautiful_Beautiful_022,Adjectives_Beautiful_Beautiful_022
Adjectives_Beautiful_Beautiful_023,Adjectives_Beautiful_Beautiful_023
Adjectives_Beautiful_Beautiful_024,Adjectives_Beautiful_Beautiful_024
Adjectives_Beautiful_Beautiful_025,Adjectives_Beautiful_Beautiful_025
Adjectives_Beautiful_Beautiful_026,Adjectives_Beautiful_Beautiful_026
Adjectives_Beautiful_Beautiful_027,Adjectives_Beautiful_Beautiful_027
Adjectives_Beautiful_Beautiful_028,Adjectives_Beautiful_Beautiful_028
Adjectives_Beautiful_Beautiful_029,Adjectives_Beautiful_Beautiful_029
Adjectives_Beautiful_Beautiful_030,Adjectives_Beautiful_Beautiful_030
Adjectives_Beautiful_Beautiful_031,Adjectives_Beautiful_Beautiful_031
Adjectives_Beautiful_Beautiful_032,Adjectives_Beautiful_Beautiful_032
Adjectives_Beautiful_Beautiful_033,Adjectives_Beautiful_Beautiful_033
Adjectives_Beautiful_Beautiful_034,Adjectives_Beautiful_Beautiful_034
Adjectives_Beautiful_Beautiful_035,Adjectives_Beautiful_Beautiful_035
Adjectives_Careful_Careful_001,Adjectives_Careful_Careful_001
Adjectives_Cold_Cold_001,Adjectives_Cold_Cold_001
Adjectives_Cold_Cold_002,Adjectives_Cold_Cold_002
Adjectives_Cold_Cold_003,Adjectives_Cold_Cold_003
Adjectives_Cold_Cold_004,Adjectives_Cold_Cold_004
Adjectives_Cold_Cold_005,Adjectives_Cold_Cold_005
Adjectives_Cold_Cold_006,Adjectives_Cold_Cold_006
Adjectives_Cold_Cold_007,Adjectives_Cold_Cold_007
Adjectives_Cold_Cold_008,Adjectives_Cold_Cold_008
Adjectives_Cold_Cold_009,Adjectives_Cold_Cold_009
Adjectives_Cold_Cold_010,Adjectives_Cold_Cold_010
Adjectives_Cold_Cold_011,Adjectives_Cold_Cold_011
Adjectives_Cold_Cold_012,Adjectives_Cold_Cold_012
Adjectives_Cold_Cold_013,Adjectives_Cold_Cold_013
Adjectives_Deaf_Deaf_001,Adjectives_Deaf_Deaf_001
Adjectives_Deaf_Deaf_002,Adjectives_Deaf_Deaf_002
Adjectives_Deaf_Deaf_003,Adjectives_Deaf_Deaf_003
Adjectives_Deaf_Deaf_004,Adjectives_Deaf_Deaf_004
Adjectives_Deaf_Deaf_005,Adjectives_Deaf_Deaf_005
Adjectives_Deaf_Deaf_006,Adjectives_Deaf_Deaf_006
Adjectives_Deaf_Deaf_007,Adjectives_Deaf_Deaf_007
Adjectives_Deaf_Deaf_008,Adjectives_Deaf_Deaf_008
Adjectives_Deaf_Deaf_009,Adjectives_Deaf_Deaf_009
Adjectives_Deaf_Deaf_010,Adjectives_Deaf_Deaf_010
Adjectives_Deaf_Deaf_011,Adjectives_Deaf_Deaf_011
Adjectives_Deaf_Deaf_012,Adjectives_Deaf_Deaf_012
Adjectives_Deaf_Deaf_013,Adjectives_Deaf_Deaf_013
Adjectives_Deaf_Deaf_014,Adjectives_Deaf_Deaf_014
Adjectives_Deaf_Deaf_015,Adjectives_Deaf_Deaf_015
Adjectives_Deaf_Deaf_016,Adjectives_Deaf_Deaf_016
Adjectives_Deaf_Deaf_017,Adjectives_Deaf_Deaf_017
Adjectives_Deaf_Deaf_018,Adjectives_Deaf_Deaf_018
Adjectives_Deaf_Deaf_019,Adjectives_Deaf_Deaf_019
Adjectives_Deep_Deep_001,Adjectives_Deep_Deep_001
Adjectives_Deep_Deep_002,Adjectives_Deep_Deep_002
Adjectives_Deep_Deep_003,Adjectives_Deep_Deep_003
Adjectives_Deep_Deep_004,Adjectives_Deep_Deep_004
Adjectives_Deep_Deep_005,Adjectives_Deep_Deep_005
Adjectives_Deep_Deep_006,Adjectives_Deep_Deep_006
Adjectives_Deep_Deep_007,Adjectives_Deep_Deep_007
Adjectives_Deep_Deep_008,Adjectives_Deep_Deep_008
Adjectives_Deep_Deep_009,Adjectives_Deep_Deep_009
Adjectives_Deep_Deep_010,Adjectives_Deep_Deep_010
Adjectives_Deep_Deep_011,Adjectives_Deep_Deep_011
Adjectives_Deep_Deep_012,Adjectives_Deep_Deep_012
Adjectives_Deep_Deep_013,Adjectives_Deep_Deep_013
Adjectives_Deep_Deep_014,Adjectives_Deep_Deep_014
Adjectives_Deep_Deep_015,Adjectives_Deep_Deep_015
Adjectives_Deep_Deep_016,Adjectives_Deep_Deep_016
Adjectives_Deep_Deep_017,Adjectives_Deep_Deep_017
Adjectives_Different_Different_001,Adjectives_Different_Different_001
Adjectives_Different_Different_002,Adjectives_Different_Different_002
Adjectives_Different_Different_003,Adjectives_Different_Different_003
Adjectives_Different_Different_004,Adjectives_Different_Different_004
Adjectives_Different_Different_005,Adjectives_Different_Different_005
Adjectives_Different_Different_006,Adjectives_Different_Different_006
Adjectives_Different_Different_007,Adjectives_Different_Different_007
Adjectives_Different_Different_008,Adjectives_Different_Different_008
Adjectives_Different_Different_009,Adjectives_Different_Different_009
Adjectives_Different_Different_010,Adjectives_Different_Different_010
Adjectives_Difficult_Difficult_001,Adjectives_Difficult_Difficult_001
Adjectives_Difficult_Difficult_002,Adjectives_Difficult_Difficult_002
Adjectives_Double_Double_001,Adjectives_Double_Double_001
Adjectives_Double_Double_002,Adjectives_Double_Double_002
Adjectives_Double_Double_003,Adjectives_Double_Double_003
Adjectives_Double_Double_004,Adjectives_Double_Double_004
Adjectives_Double_Double_005,Adjectives_Double_Double_005
Adjectives_Double_Double_006,Adjectives_Double_Double_006
Adjectives_Fast_Fast_001,Adjectives_Fast_Fast_001
Adjectives_Fast_Fast_002,Adjectives_Fast_Fast_002
Adjectives_Fast_Fast_003,Adjectives_Fast_Fast_003
Adjectives_Fast_Fast_004,Adjectives_Fast_Fast_004
Adjectives_Fast_Fast_005,Adjectives_Fast_Fast_005
Adjectives_Fast_Fast_006,Adjectives_Fast_Fast_006
Adjectives_Fast_Fast_007,Adjectives_Fast_Fast_007
Adjectives_Fast_Fast_008,Adjectives_Fast_Fast_008
Adjectives_Fast_Fast_009,Adjectives_Fast_Fast_009
Adjectives_Fast_Fast_010,Adjectives_Fast_Fast_010
Adjectives_Fast_Fast_011,Adjectives_Fast_Fast_011
Adjectives_Fast_Fast_012,Adjectives_Fast_Fast_012
Adjectives_Fast_Fast_013,Adjectives_Fast_Fast_013
Adjectives_Fast_Fast_014,Adjectives_Fast_Fast_014
Adjectives_Fast_Fast_015,Adjectives_Fast_Fast_015
Adjectives_Fast_Fast_016,Adjectives_Fast_Fast_016
Adjectives_Fast_Fast_017,Adjectives_Fast_Fast_017
Adjectives_Fast_Fast_018,Adjectives_Fast_Fast_018
Adjectives_Fast_Fast_019,Adjectives_Fast_Fast_019
Adjectives_Fast_Fast_020,Adjectives_Fast_Fast_020
Adjectives_Fast_Fast_021,Adjectives_Fast_Fast_021
Adjectives_Fat_Fat_001,Adjectives_Fat_Fat_001
Adjectives_Fat_Fat_002,Adjectives_Fat_Fat_002
Adjectives_Fat_Fat_003,Adjectives_Fat_Fat_003
Adjectives_Fat_Fat_004,Adjectives_Fat_Fat_004
Adjectives_Fat_Fat_005,Adjectives_Fat_Fat_005
Adjectives_Fat_Fat_006,Adjectives_Fat_Fat_006
Adjectives_Fat_Fat_007,Adjectives_Fat_Fat_007
Adjectives_Fat_Fat_008,Adjectives_Fat_Fat_008
Adjectives_Fat_Fat_009,Adjectives_Fat_Fat_009
Adjectives_Fat_Fat_010,Adjectives_Fat_Fat_010
Adjectives_Free_Free_001,Adjectives_Free_Free_001
Adjectives_Free_Free_002,Adjectives_Free_Free_002
Adjectives_Free_Free_003,Adjectives_Free_Free_003
Adjectives_Free_Free_004,Adjectives_Free_Free_004
Adjectives_Full_Full_001,Adjectives_Full_Full_001
Adjectives_Full_Full_002,Adjectives_Full_Full_002
Adjectives_Full_Full_003,Adjectives_Full_Full_003
Adjectives_Full_Full_004,Adjectives_Full_Full_004
Adjectives_Full_Full_005,Adjectives_Full_Full_005
Adjectives_Full_Full_006,Adjectives_Full_Full_006
Adjectives_Full_Full_007,Adjectives_Full_Full_007
Adjectives_Full_Full_008,Adjectives_Full_Full_008
Adjectives_Full_Full_009,Adjectives_Full_Full_009
Adjectives_Full_Full_010,Adjectives_Full_Full_010
Adjectives_Full_Full_011,Adjectives_Full_Full_011
Adjectives_Full_Full_012,Adjectives_Full_Full_012
Adjectives_Good_Good_001,Adjectives_Good_Good_001
Adjectives_Good_Good_002,Adjectives_Good_Good_002
Adjectives_Good_Good_003,Adjectives_Good_Good_003
Adjectives_Good_Good_004,Adjectives_Good_Good_004
Adjectives_Good_Good_005,Adjectives_Good_Good_005
Adjectives_Good_Good_006,Adjectives_Good_Good_006
Adjectives_Good_Good_007,Adjectives_Good_Good_007
Adjectives_Good_Good_008,Adjectives_Good_Good_008
Adjectives_Good_Good_009,Adjectives_Good_Good_009
Adjectives_Good_Good_010,Adjectives_Good_Good_010
Adjectives_Good_Good_011,Adjectives_Good_Good_011
Adjectives_Good_Good_012,Adjectives_Good_Good_012
Adjectives_Good_Good_013,Adjectives_Good_Good_013
Adjectives_Good_Good_014,Adjectives_Good_Good_014
Adjectives_Good_Good_015,Adjectives_Good_Good_015
Adjectives_Good_Good_016,Adjectives_Good_Good_016
Adjectives_Good_Good_017,Adjectives_Good_Good_017
Adjectives_Good_Good_018,Adjectives_Good_Good_018
Adjectives_Good_Good_019,Adjectives_Good_Good_019
Adjectives_Good_Good_020,Adjectives_Good_Good_020
Adjectives_Good_Good_021,Adjectives_Good_Good_021
Adjectives_Good_Good_022,Adjectives_Good_Good_022
Adjectives_Good_Good_023,Adjectives_Good_Good_023
Adjectives_Good_Good_024,Adjectives_Good_Good_024
Adjectives_Good_Good_025,Adjectives_Good_Good_025
Adjectives_Good_Good_026,Adjectives_Good_Good_026
Adjectives_Good_Good_027,Adjectives_Good_Good_027
Adjectives_Good_Good_028,Adjectives_Good_Good_028
Adjectives_Good_Good_029,Adjectives_Good_Good_029
Adjectives_Good_Good_030,Adjectives_Good_Good_030
Adjectives_Good_Good_031,Adjectives_Good_Good_031
Adjectives_Good_Good_032,Adjectives_Good_Good_032
Adjectives_Good_Good_033,Adjectives_Good_Good_033
Adjectives_Good_Good_034,Adjectives_Good_Good_034
Adjectives_Good_Good_035,Adjectives_Good_Good_035
Adjectives_Good_Good_036,Adjectives_Good_Good_036
Adjectives_Good_Good_037,Adjectives_Good_Good_037
Adjectives_Good_Good_038,Adjectives_Good_Good_038
Adjectives_Good_Good_039,Adjectives_Good_Good_039
Adjectives_Good_Good_040,Adjectives_Good_Good_040
Adjectives_Good_Good_041,Adjectives_Good_Good_041
Adjectives_Good_Good_042,Adjectives_Good_Good_042
Adjectives_Good_Good_043,Adjectives_Good_Good_043
Adjectives_Good_Good_044,Adjectives_Good_Good_044
Adjectives_Good_Good_045,Adjectives_Good_Good_045
Adjectives_Good_Good_046,Adjectives_Good_Good_046
Adjectives_Good_Good_047,Adjectives_Good_Good_047
Adjectives_Good_Good_048,Adjectives_Good_Good_048
Adjectives_Good_Good_049,Adjectives_Good_Good_049
Adjectives_Good_Good_050,Adjectives_Good_Good_050
Adjectives_Good_Good_051,Adjectives_Good_Good_051
Adjectives_Good_Good_052,Adjectives_Good_Good_052
Adjectives_Good_Good_053,Adjectives_Good_Good_053
Adjectives_Good_Good_054,Adjectives_Good_Good_054
Adjectives_Good_Good_055,Adjectives_Good_Good_055
Adjectives_Good_Good_056,Adjectives_Good_Good_056
Adjectives_Good_Good_057,Adjectives_Good_Good_057
Adjectives_Good_Good_058,Adjectives_Good_Good_058
Adjectives_Good_Good_059,Adjectives_Good_Good_059
Adjectives_Good_Good_060,Adjectives_Good_Good_060
Adjectives_Good_Good_061,Adjectives_Good_Good_061
Adjectives_Good_Good_062,Adjectives_Good_Good_062
Adjectives_Good_Good_063,Adjectives_Good_Good_063
Adjectives_Good_Good_064,Adjectives_Good_Good_064
Adjectives_Good_Good_065,Adjectives_Good_Good_065
Adjectives_Good_Good_066,Adjectives_Good_Good_066
Adjectives_Good_Good_067,Adjectives_Good_Good_067
Adjectives_Happy_Happy_001,Adjectives_Happy_Happy_001
Adjectives_Happy_Happy_002,Adjectives_Happy_Happy_002
Adjectives_Happy_Happy_003,Adjectives_Happy_Happy_003
Adjectives_Happy_Happy_004,Adjectives_Happy_Happy_004
Adjectives_Happy_Happy_005,Adjectives_Happy_Happy_005
Adjectives_Happy_Happy_006,Adjectives_Happy_Happy_006
Adjectives_Happy_Happy_007,Adjectives_Happy_Happy_007
Adjectives_Happy_Happy_008,Adjectives_Happy_Happy_008
Adjectives_Hard_Hard_001,Adjectives_Hard_Hard_001
Adjectives_Hard_Hard_002,Adjectives_Hard_Hard_002
Adjectives_Hard_Hard_003,Adjectives_Hard_Hard_003
Adjectives_Hard_Hard_004,Adjectives_Hard_Hard_004
Adjectives_Hard_Hard_005,Adjectives_Hard_Hard_005
Adjectives_Hard_Hard_006,Adjectives_Hard_Hard_006
Adjectives_Hard_Hard_007,Adjectives_Hard_Hard_007
Adjectives_Hard_Hard_008,Adjectives_Hard_Hard_008
Adjectives_Hard_Hard_009,Adjectives_Hard_Hard_009
Adjectives_Hard_Hard_010,Adjectives_Hard_Hard_010
Adjectives_Hard_Hard_011,Adjectives_Hard_Hard_011
Adjectives_Hard_Hard_012,Adjectives_Hard_Hard_012
Adjectives_Hard_Hard_013,Adjectives_Hard_Hard_013
Adjectives_Hard_Hard_014,Adjectives_Hard_Hard_014
Adjectives_Healthy_Healthy_001,Adjectives_Healthy_Healthy_001
Adjectives_Healthy_Healthy_002,Adjectives_Healthy_Healthy_002
Adjectives_Healthy_Healthy_003,Adjectives_Healthy_Healthy_003
Adjectives_Healthy_Healthy_004,Adjectives_Healthy_Healthy_004
Adjectives_Healthy_Healthy_005,Adjectives_Healthy_Healthy_005
Adjectives_Healthy_Healthy_006,Adjectives_Healthy_Healthy_006
Adjectives_Healthy_Healthy_007,Adjectives_Healthy_Healthy_007
Adjectives_Healthy_Healthy_008,Adjectives_Healthy_Healthy_008
Adjectives_Healthy_Healthy_009,Adjectives_Healthy_Healthy_009
Adjectives_Healthy_Healthy_010,Adjectives_Healthy_Healthy_010
Adjectives_Healthy_Healthy_011,Adjectives_Healthy_Healthy_011
Adjectives_Healthy_Healthy_012,Adjectives_Healthy_Healthy_012
Adjectives_Healthy_Healthy_013,Adjectives_Healthy_Healthy_013
Adjectives_Healthy_Healthy_014,Adjectives_Healthy_Healthy_014
Adjectives_Healthy_Healthy_015,Adjectives_Healthy_Healthy_015
Adjectives_Healthy_Healthy_016,Adjectives_Healthy_Healthy_016
Adjectives_Healthy_Healthy_017,Adjectives_Healthy_Healthy_017
Adjectives_Healthy_Healthy_018,Adjectives_Healthy_Healthy_018
Adjectives_Healthy_Healthy_019,Adjectives_Healthy_Healthy_019
Adjectives_Healthy_Healthy_020,Adjectives_Healthy_Healthy_020
Adjectives_Healthy_Healthy_021,Adjectives_Healthy_Healthy_021
Adjectives_High_High_001,Adjectives_High_High_001
Adjectives_High_High_002,Adjectives_High_High_002
Adjectives_High_High_003,Adjectives_High_High_003
Adjectives_High_High_004,Adjectives_High_High_004
Adjectives_High_High_005,Adjectives_High_High_005
Adjectives_High_High_006,Adjectives_High_High_006
Adjectives_High_High_007,Adjectives_High_High_007
Adjectives_High_High_008,Adjectives_High_High_008
Adjectives_Independent_Independent_001,Adjectives_Independent_Independent_001
Adjectives_Independent_Independent_002,Adjectives_Independent_Independent_002
Adjectives_Independent_Independent_003,Adjectives_Independent_Independent_003
Adjectives_Independent_Independent_004,Adjectives_Independent_Independent_004
Adjectives_Independent_Independent_005,Adjectives_Independent_Independent_005
Adjectives_Independent_Independent_006,Adjectives_Independent_Independent_006
Adjectives_Independent_Independent_007,Adjectives_Independent_Independent_007
Adjectives_Less_Less_001,Adjectives_Less_Less_001
Adjectives_Less_Less_002,Adjectives_Less_Less_002
Adjectives_Less_Less_003,Adjectives_Less_Less_003
Adjectives_Less_Less_004,Adjectives_Less_Less_004
Adjectives_Less_Less_005,Adjectives_Less_Less_005
Adjectives_Loose_Loose_001,Adjectives_Loose_Loose_001
Adjectives_Loose_Loose_002,Adjectives_Loose_Loose_002
Adjectives_Loose_Loose_003,Adjectives_Loose_Loose_003
Adjectives_Loose_Loose_004,Adjectives_Loose_Loose_004
Adjectives_Loose_Loose_005,Adjectives_Loose_Loose_005
Adjectives_Loose_Loose_006,Adjectives_Loose_Loose_006
Adjectives_Loose_Loose_007,Adjectives_Loose_Loose_007
Adjectives_Loose_Loose_008,Adjectives_Loose_Loose_008
Adjectives_Low_Low_001,Adjectives_Low_Low_001
Adjectives_Low_Low_002,Adjectives_Low_Low_002
Adjectives_Low_Low_003,Adjectives_Low_Low_003
Adjectives_Low_Low_004,Adjectives_Low_Low_004
Adjectives_Low_Low_005,Adjectives_Low_Low_005
Adjectives_Low_Low_006,Adjectives_Low_Low_006
Adjectives_Low_Low_007,Adjectives_Low_Low_007
Adjectives_Low_Low_008,Adjectives_Low_Low_008
Adjectives_Next_Next_001,Adjectives_Next_Next_001
Adjectives_Next_Next_002,Adjectives_Next_Next_002
Adjectives_Next_Next_003,Adjectives_Next_Next_003
Adjectives_Next_Next_004,Adjectives_Next_Next_004
Adjectives_Next_Next_005,Adjectives_Next_Next_005
Adjectives_Nice_Nice_001,Adjectives_Nice_Nice_001
Adjectives_Nice_Nice_002,Adjectives_Nice_Nice_002
Adjectives_Nice_Nice_003,Adjectives_Nice_Nice_003
Adjectives_Nice_Nice_004,Adjectives_Nice_Nice_004
Adjectives_Not_good_Not_good_001,Adjectives_Not_good_Not_good_001
Adjectives_Not_good_Not_good_002,Adjectives_Not_good_Not_good_002
Adjectives_Not_good_Not_good_003,Adjectives_Not_good_Not_good_003
Adjectives_Old_Old_001,Adjectives_Old_Old_001
Adjectives_Old_Old_002,Adjectives_Old_Old_002
Adjectives_Old_Old_003,Adjectives_Old_Old_003
Adjectives_Old_Old_004,Adjectives_Old_Old_004
Adjectives_Old_Old_005,Adjectives_Old_Old_005
Adjectives_Old_Old_006,Adjectives_Old_Old_006
Adjectives_Old_Old_007,Adjectives_Old_Old_007
Adjectives_Past_Past_001,Adjectives_Past_Past_001
Adjectives_Past_Past_002,Adjectives_Past_Past_002
Adjectives_Past_Past_003,Adjectives_Past_Past_003
Adjectives_Past_Past_004,Adjectives_Past_Past_004
Adjectives_Past_Past_005,Adjectives_Past_Past_005
Adjectives_Past_Past_006,Adjectives_Past_Past_006
Adjectives_Past_Past_007,Adjectives_Past_Past_007
Adjectives_Past_Past_008,Adjectives_Past_Past_008
Adjectives_Past_Past_009,Adjectives_Past_Past_009
Adjectives_Positive_Positive_001,Adjectives_Positive_Positive_001
Adjectives_Positive_Positive_002,Adjectives_Positive_Positive_002
Adjectives_Positive_Positive_003,Adjectives_Positive_Positive_003
Adjectives_Positive_Positive_004,Adjectives_Positive_Positive_004
Adjectives_Positive_Positive_005,Adjectives_Positive_Positive_005
Adjectives_Positive_Positive_006,Adjectives_Positive_Positive_006
Adjectives_Present_Present_001,Adjectives_Present_Present_001
Adjectives_Present_Present_002,Adjectives_Present_Present_002
Adjectives_Present_Present_003,Adjectives_Present_Present_003
Adjectives_Present_Present_004,Adjectives_Present_Present_004
Adjectives_Present_Present_005,Adjectives_Present_Present_005
Adjectives_Present_Present_006,Adjectives_Present_Present_006
Adjectives_Present_Present_007,Adjectives_Present_Present_007
Adjectives_Present_Present_008,Adjectives_Present_Present_008
Adjectives_Quick_Quick_001,Adjectives_Quick_Quick_001
Adjectives_Quick_Quick_002,Adjectives_Quick_Quick_002
Adjectives_Quick_Quick_003,Adjectives_Quick_Quick_003
Adjectives_Quick_Quick_004,Adjectives_Quick_Quick_004
Adjectives_Quick_Quick_005,Adjectives_Quick_Quick_005
Adjectives_Quick_Quick_006,Adjectives_Quick_Quick_006
Adjectives_Quick_Quick_007,Adjectives_Quick_Quick_007
Adjectives_Quick_Quick_008,Adjectives_Quick_Quick_008
Adjectives_Rich_Rich_001,Adjectives_Rich_Rich_001
Adjectives_Rich_Rich_002,Adjectives_Rich_Rich_002
Adjectives_Rich_Rich_003,Adjectives_Rich_Rich_003
Adjectives_Rich_Rich_004,Adjectives_Rich_Rich_004
Adjectives_Rich_Rich_005,Adjectives_Rich_Rich_005
Adjectives_Rich_Rich_006,Adjectives_Rich_Rich_006
Adjectives_Rich_Rich_007,Adjectives_Rich_Rich_007
Adjectives_Rich_Rich_008,Adjectives_Rich_Rich_008
Adjectives_Rich_Rich_009,Adjectives_Rich_Rich_009
Adjectives_Rich_Rich_010,Adjectives_Rich_Rich_010
Adjectives_Rich_Rich_011,Adjectives_Rich_Rich_011
Adjectives_Rich_Rich_012,Adjectives_Rich_Rich_012
Adjectives_Rich_Rich_013,Adjectives_Rich_Rich_013
Adjectives_Rich_Rich_014,Adjectives_Rich_Rich_014
Adjectives_Rich_Rich_015,Adjectives_Rich_Rich_015
Adjectives_Rich_Rich_016,Adjectives_Rich_Rich_016
Adjectives_Rich_Rich_017,Adjectives_Rich_Rich_017
Adjectives_Rich_Rich_018,Adjectives_Rich_Rich_018
Adjectives_Rich_Rich_019,Adjectives_Rich_Rich_019
Adjectives_Same_Same_001,Adjectives_Same_Same_001
Adjectives_Same_Same_002,Adjectives_Same_Same_002
Adjectives_Same_Same_003,Adjectives_Same_Same_003
Adjectives_Same_Same_004,Adjectives_Same_Same_004
Adjectives_Same_Same_005,Adjectives_Same_Same_005
Adjectives_Same_Same_006,Adjectives_Same_Same_006
Adjectives_Same_Same_007,Adjectives_Same_Same_007
Adjectives_Same_Same_008,Adjectives_Same_Same_008
Adjectives_Same_Same_009,Adjectives_Same_Same_009
Adjectives_Senior_Senior_001,Adjectives_Senior_Senior_001
Adjectives_Senior_Senior_002,Adjectives_Senior_Senior_002
Adjectives_Senior_Senior_003,Adjectives_Senior_Senior_003
Adjectives_Senior_Senior_004,Adjectives_Senior_Senior_004
Adjectives_Senior_Senior_005,Adjectives_Senior_Senior_005
Adjectives_Senior_Senior_006,Adjectives_Senior_Senior_006
Adjectives_Small_Small_001,Adjectives_Small_Small_001
Adjectives_Small_Small_002,Adjectives_Small_Small_002
Adjectives_Small_Small_003,Adjectives_Small_Small_003
Adjectives_Small_Small_004,Adjectives_Small_Small_004
Adjectives_Small_Small_005,Adjectives_Small_Small_005
Adjectives_Small_Small_006,Adjectives_Small_Small_006
Adjectives_Small_Small_007,Adjectives_Small_Small_007
Adjectives_Small_Small_008,Adjectives_Small_Small_008
Adjectives_Soft_Soft_001,Adjectives_Soft_Soft_001
Adjectives_Soft_Soft_002,Adjectives_Soft_Soft_002
Adjectives_Soft_Soft_003,Adjectives_Soft_Soft_003
Adjectives_Soft_Soft_004,Adjectives_Soft_Soft_004
Adjectives_Soft_Soft_005,Adjectives_Soft_Soft_005
Adjectives_Soft_Soft_006,Adjectives_Soft_Soft_006
Adjectives_Soft_Soft_007,Adjectives_Soft_Soft_007
Adjectives_Soft_Soft_008,Adjectives_Soft_Soft_008
Adjectives_Strong_Strong_001,Adjectives_Strong_Strong_001
Adjectives_Strong_Strong_002,Adjectives_Strong_Strong_002
Adjectives_Strong_Strong_003,Adjectives_Strong_Strong_003
Adjectives_Strong_Strong_004,Adjectives_Strong_Strong_004
Adjectives_Strong_Strong_005,Adjectives_Strong_Strong_005
Adjectives_Strong_Strong_006,Adjectives_Strong_Strong_006
Adjectives_Strong_Strong_007,Adjectives_Strong_Strong_007
Adjectives_Strong_Strong_008,Adjectives_Strong_Strong_008
Adjectives_Thirsty_Thirsty_001,Adjectives_Thirsty_Thirsty_001
Adjectives_Tight_Tight_001,Adjectives_Tight_Tight_001
Adjectives_Tight_Tight_002,Adjectives_Tight_Tight_002
Adjectives_Tight_Tight_003,Adjectives_Tight_Tight_003
Adjectives_Tight_Tight_004,Adjectives_Tight_Tight_004
Adjectives_Tight_Tight_005,Adjectives_Tight_Tight_005
Adjectives_Tight_Tight_006,Adjectives_Tight_Tight_006
Adjectives_Tight_Tight_007,Adjectives_Tight_Tight_007
Adjectives_Tight_Tight_008,Adjectives_Tight_Tight_008
Adjectives_Ugly_Ugly_001,Adjectives_Ugly_Ugly_001
Adjectives_Welcome_Welcome_001,Adjectives_Welcome_Welcome_001
Adjectives_Welcome_Welcome_002,Adjectives_Welcome_Welcome_002
Adjectives_Welcome_Welcome_003,Adjectives_Welcome_Welcome_003
Adjectives_Welcome_Welcome_004,Adjectives_Welcome_Welcome_004
Adjectives_Welcome_Welcome_005,Adjectives_Welcome_Welcome_005
Adjectives_Wrong_Wrong_001,Adjectives_Wrong_Wrong_001
Adjectives_Wrong_Wrong_002,Adjectives_Wrong_Wrong_002
Adjectives_Wrong_Wrong_003,Adjectives_Wrong_Wrong_003
Adjectives_Wrong_Wrong_004,Adjectives_Wrong_Wrong_004
Adjectives_Wrong_Wrong_005,Adjectives_Wrong_Wrong_005
Adjectives_Wrong_Wrong_006,Adjectives_Wrong_Wrong_006
Adjectives_Wrong_Wrong_007,Adjectives_Wrong_Wrong_007
Adjectives_Wrong_Wrong_008,Adjectives_Wrong_Wrong_008
Adjectives_Wrong_Wrong_009,Adjectives_Wrong_Wrong_009
Adjectives_Wrong_Wrong_010,Adjectives_Wrong_Wrong_010
Adjectives_Wrong_Wrong_011,Adjectives_Wrong_Wrong_011
Adjectives_Wrong_Wrong_012,Adjectives_Wrong_Wrong_012
Adjectives_Wrong_Wrong_013,Adjectives_Wrong_Wrong_013
Adjectives_Wrong_Wrong_014,Adjectives_Wrong_Wrong_014
Adjectives_Wrong_Wrong_015,Adjectives_Wrong_Wrong_015
Adjectives_Wrong_Wrong_016,Adjectives_Wrong_Wrong_016
Adjectives_Wrong_Wrong_017,Adjectives_Wrong_Wrong_017
Adjectives_Wrong_Wrong_018,Adjectives_Wrong_Wrong_018
Adjectives_Wrong_Wrong_019,Adjectives_Wrong_Wrong_019
Adjectives_Wrong_Wrong_020,Adjectives_Wrong_Wrong_020
Adverb_Again_Again_001,Adverb_Again_Again_001
Adverb_Again_Again_002,Adverb_Again_Again_002
Adverb_Again_Again_003,Adverb_Again_Again_003
Adverb_Again_Again_004,Adverb_Again_Again_004
Adverb_Again_Again_005,Adverb_Again_Again_005
Adverb_Again_Again_006,Adverb_Again_Again_006
Adverb_Again_Again_007,Adverb_Again_Again_007
Adverb_Again_Again_008,Adverb_Again_Again_008
Adverb_Again_Again_009,Adverb_Again_Again_009
Adverb_Again_Again_010,Adverb_Again_Again_010
Adverb_Again_Again_011,Adverb_Again_Again_011
Adverb_Again_Again_012,Adverb_Again_Again_012
Adverb_Again_Again_013,Adverb_Again_Again_013
Adverb_Again_Again_014,Adverb_Again_Again_014
Adverb_Again_Again_015,Adverb_Again_Again_015
Adverb_Again_Again_016,Adverb_Again_Again_016
Adverb_Again_Again_017,Adverb_Again_Again_017
Adverb_Again_Again_018,Adverb_Again_Again_018
Adverb_Again_Again_019,Adverb_Again_Again_019
Adverb_Again_Again_020,Adverb_Again_Again_020
Adverb_Again_Again_021,Adverb_Again_Again_021
Adverb_Again_Again_022,Adverb_Again_Again_022
Adverb_Again_Again_023,Adverb_Again_Again_023
Adverb_Again_Again_024,Adverb_Again_Again_024
Adverb_Again_Again_025,Adverb_Again_Again_025
Adverb_Again_Again_026,Adverb_Again_Again_026
Adverb_Again_Again_027,Adverb_Again_Again_027
Adverb_Also_Also_001,Adverb_Also_Also_001
Adverb_Also_Also_002,Adverb_Also_Also_002
Adverb_Also_Also_003,Adverb_Also_Also_003
Adverb_Also_Also_004,Adverb_Also_Also_004
Adverb_Also_Also_005,Adverb_Also_Also_005
Adverb_Also_Also_006,Adverb_Also_Also_006
Adverb_Also_Also_007,Adverb_Also_Also_007
Adverb_Also_Also_008,Adverb_Also_Also_008
Adverb_Cant_Cant_001,Adverb_Cant_Cant_001
Adverb_Cant_Cant_002,Adverb_Cant_Cant_002
Adverb_Cant_Cant_003,Adverb_Cant_Cant_003
Adverb_Can_Can_001,Adverb_Can_Can_001
Adverb_Can_Can_002,Adverb_Can_Can_002
Adverb_Can_Can_003,Adverb_Can_Can_003
Adverb_Can_Can_004,Adverb_Can_Can_004
Adverb_Can_Can_005,Adverb_Can_Can_005
Adverb_Can_Can_006,Adverb_Can_Can_006
Adverb_Can_Can_007,Adverb_Can_Can_007
Adverb_Can_Can_008,Adverb_Can_Can_008
Adverb_Can_Can_009,Adverb_Can_Can_009
Adverb_Can_Can_010,Adverb_Can_Can_010
Adverb_Can_Can_011,Adverb_Can_Can_011
Adverb_Clearly_Clearly_001,Adverb_Clearly_Clearly_001
Adverb_Dont_Dont_001,Adverb_Dont_Dont_001
Adverb_Dont_know_Dont_know_001,Adverb_Dont_know_Dont_know_001
Adverb_Dont_know_Dont_know_002,Adverb_Dont_know_Dont_know_002
Adverb_Here_Here_001,Adverb_Here_Here_001
Adverb_Here_Here_002,Adverb_Here_Here_002
Adverb_Here_Here_003,Adverb_Here_Here_003
Adverb_Here_Here_004,Adverb_Here_Here_004
Adverb_Here_Here_005,Adverb_Here_Here_005
Adverb_Here_Here_006,Adverb_Here_Here_006
Adverb_Here_Here_007,Adverb_Here_Here_007
Adverb_Instead_Instead_001,Adverb_Instead_Instead_001
Adverb_Instead_Instead_002,Adverb_Instead_Instead_002
Adverb_Instead_Instead_003,Adverb_Instead_Instead_003
Adverb_Instead_Instead_004,Adverb_Instead_Instead_004
Adverb_Instead_Instead_005,Adverb_Instead_Instead_005
Adverb_Instead_Instead_006,Adverb_Instead_Instead_006
Adverb_Never_Never_001,Adverb_Never_Never_001
Adverb_Never_Never_002,Adverb_Never_Never_002
Adverb_Never_Never_003,Adverb_Never_Never_003
Adverb_Never_Never_004,Adverb_Never_Never_004
Adverb_Never_Never_005,Adverb_Never_Never_005
Adverb_Never_Never_006,Adverb_Never_Never_006
Adverb_Never_Never_007,Adverb_Never_Never_007
Adverb_Not_like_(dislike)_Not_like_(dislike)_001,Adverb_Not_like_(dislike)_Not_like_(dislike)_001
Adverb_Not_like_(dislike)_Not_like_(dislike)_002,Adverb_Not_like_(dislike)_Not_like_(dislike)_002
Adverb_When_When_001,Adverb_When_When_001
Adverb_When_When_002,Adverb_When_When_002
Adverb_When_When_003,Adverb_When_When_003
Adverb_Where_Where_001,Adverb_Where_Where_001
Adverb_Where_Where_002,Adverb_Where_Where_002
Adverb_Why_Why_001,Adverb_Why_Why_001
Adverb_Why_Why_002,Adverb_Why_Why_002
Adverb_Why_Why_003,Adverb_Why_Why_003
Adverb_Why_Why_004,Adverb_Why_Why_004
Adverb_Why_Why_005,Adverb_Why_Why_005
Colors_Black_Black_001,Colors_Black_Black_001
Colors_Black_Black_002,Colors_Black_Black_002
Colors_Black_Black_003,Colors_Black_Black_003
Colors_Black_Black_004,Colors_Black_Black_004
Colors_Black_Black_005,Colors_Black_Black_005
Colors_Black_Black_006,Colors_Black_Black_006
Colors_Black_Black_007,Colors_Black_Black_007
Colors_Black_Black_008,Colors_Black_Black_008
Colors_Black_Black_009,Colors_Black_Black_009
Colors_Black_Black_010,Colors_Black_Black_010
Colors_Black_Black_011,Colors_Black_Black_011
Colors_Black_Black_012,Colors_Black_Black_012
Colors_Black_Black_013,Colors_Black_Black_013
Colors_Black_Black_014,Colors_Black_Black_014
Colors_Black_Black_015,Colors_Black_Black_015
Colors_Black_Black_016,Colors_Black_Black_016
Colors_Black_Black_017,Colors_Black_Black_017
Colors_Black_Black_018,Colors_Black_Black_018
Colors_Black_Black_019,Colors_Black_Black_019
Colors_Black_Black_020,Colors_Black_Black_020
Colors_Black_Black_021,Colors_Black_Black_021
Colors_Black_Black_022,Colors_Black_Black_022
Colors_Black_Black_023,Colors_Black_Black_023
Colors_Black_Black_024,Colors_Black_Black_024
Colors_Black_Black_025,Colors_Black_Black_025
Colors_Black_Black_026,Colors_Black_Black_026
Colors_Black_Black_027,Colors_Black_Black_027
Colors_Black_Black_028,Colors_Black_Black_028
Colors_Blue_Blue_001,Colors_Blue_Blue_001
Colors_Blue_Blue_002,Colors_Blue_Blue_002
Colors_Blue_Blue_003,Colors_Blue_Blue_003
Colors_Blue_Blue_004,Colors_Blue_Blue_004
Colors_Blue_Blue_005,Colors_Blue_Blue_005
Colors_Brown_Brown_001,Colors_Brown_Brown_001
Colors_Brown_Brown_002,Colors_Brown_Brown_002
Colors_Brown_Brown_003,Colors_Brown_Brown_003
Colors_Brown_Brown_004,Colors_Brown_Brown_004
Colors_Brown_Brown_005,Colors_Brown_Brown_005
Colors_Color_Color_001,Colors_Color_Color_001
Colors_Gold_Gold_001,Colors_Gold_Gold_001
Colors_Gold_Gold_002,Colors_Gold_Gold_002
Colors_Gold_Gold_003,Colors_Gold_Gold_003
Colors_Gold_Gold_004,Colors_Gold_Gold_004
Colors_Gray_Gray_001,Colors_Gray_Gray_001
Colors_Green_Green_001,Colors_Green_Green_001
Colors_Green_Green_002,Colors_Green_Green_002
Colors_Green_Green_003,Colors_Green_Green_003
Colors_Green_Green_004,Colors_Green_Green_004
Colors_Green_Green_005,Colors_Green_Green_005
Colors_Green_Green_006,Colors_Green_Green_006
Colors_Green_Green_007,Colors_Green_Green_007
Colors_Green_Green_008,Colors_Green_Green_008
Colors_Green_Green_009,Colors_Green_Green_009
Colors_Green_Green_010,Colors_Green_Green_010
Colors_Green_Green_011,Colors_Green_Green_011
Colors_Green_Green_012,Colors_Green_Green_012
Colors_Green_Green_013,Colors_Green_Green_013
Colors_Green_Green_014,Colors_Green_Green_014
Colors_Green_Green_015,Colors_Green_Green_015
Colors_Green_Green_016,Colors_Green_Green_016
Colors_Green_Green_017,Colors_Green_Green_017
Colors_Green_Green_018,Colors_Green_Green_018
Colors_Green_Green_019,Colors_Green_Green_019
Colors_Green_Green_020,Colors_Green_Green_020
Colors_Green_Green_021,Colors_Green_Green_021
Colors_Green_Green_022,Colors_Green_Green_022
Colors_Green_Green_023,Colors_Green_Green_023
Colors_Green_Green_024,Colors_Green_Green_024
Colors_Green_Green_025,Colors_Green_Green_025
Colors_Green_Green_026,Colors_Green_Green_026
Colors_Green_Green_027,Colors_Green_Green_027
Colors_Green_Green_028,Colors_Green_Green_028
Colors_Grey_Grey_001,Colors_Grey_Grey_001
Colors_Grey_Grey_002,Colors_Grey_Grey_002
Colors_Grey_Grey_003,Colors_Grey_Grey_003
Colors_Orange_Orange_001,Colors_Orange_Orange_001
Colors_Orange_Orange_002,Colors_Orange_Orange_002
Colors_Orange_Orange_003,Colors_Orange_Orange_003
Colors_Orange_Orange_004,Colors_Orange_Orange_004
Colors_Orange_Orange_005,Colors_Orange_Orange_005
Colors_Pink_Pink_001,Colors_Pink_Pink_001
Colors_Pink_Pink_002,Colors_Pink_Pink_002
Colors_Pink_Pink_003,Colors_Pink_Pink_003
Colors_Pink_Pink_004,Colors_Pink_Pink_004
Colors_Pink_Pink_005,Colors_Pink_Pink_005
Colors_Pink_Pink_006,Colors_Pink_Pink_006
Colors_Purple_Purple_001,Colors_Purple_Purple_001
Colors_Purple_Purple_002,Colors_Purple_Purple_002
Colors_Purple_Purple_003,Colors_Purple_Purple_003
Colors_Purple_Purple_004,Colors_Purple_Purple_004
Colors_Purple_Purple_005,Colors_Purple_Purple_005
Colors_Purple_Purple_006,Colors_Purple_Purple_006
Colors_Purple_Purple_007,Colors_Purple_Purple_007
Colors_Purple_Purple_008,Colors_Purple_Purple_008
Colors_Purple_Purple_009,Colors_Purple_Purple_009
Colors_Purple_Purple_010,Colors_Purple_Purple_010
Colors_Purple_Purple_011,Colors_Purple_Purple_011
Colors_Purple_Purple_012,Colors_Purple_Purple_012
Colors_Purple_Purple_013,Colors_Purple_Purple_013
Colors_Purple_Purple_014,Colors_Purple_Purple_014
Colors_Purple_Purple_015,Colors_Purple_Purple_015
Colors_Purple_Purple_016,Colors_Purple_Purple_016
Colors_Purple_Purple_017,Colors_Purple_Purple_017
Colors_Purple_Purple_018,Colors_Purple_Purple_018
Colors_Purple_Purple_019,Colors_Purple_Purple_019
Colors_Purple_Purple_020,Colors_Purple_Purple_020
Colors_Purple_Purple_021,Colors_Purple_Purple_021
Colors_Purple_Purple_022,Colors_Purple_Purple_022
Colors_Purple_Purple_023,Colors_Purple_Purple_023
Colors_Purple_Purple_024,Colors_Purple_Purple_024
Colors_Purple_Purple_025,Colors_Purple_Purple_025
Colors_Purple_Purple_026,Colors_Purple_Purple_026
Colors_Purple_Purple_027,Colors_Purple_Purple_027
Colors_Purple_Purple_028,Colors_Purple_Purple_028
Colors_Purple_Purple_029,Colors_Purple_Purple_029
Colors_Purple_Purple_030,Colors_Purple_Purple_030
Colors_Red_Red_001,Colors_Red_Red_001
Colors_Red_Red_002,Colors_Red_Red_002
Colors_Red_Red_003,Colors_Red_Red_003
Colors_Red_Red_004,Colors_Red_Red_004
Colors_Red_Red_005,Colors_Red_Red_005
Colors_Red_Red_006,Colors_Red_Red_006
Colors_Red_Red_007,Colors_Red_Red_007
Colors_Red_Red_008,Colors_Red_Red_008
Colors_Red_Red_009,Colors_Red_Red_009
Colors_Red_Red_010,Colors_Red_Red_010
Colors_Red_Red_011,Colors_Red_Red_011
Colors_Red_Red_012,Colors_Red_Red_012
Colors_Red_Red_013,Colors_Red_Red_013
Colors_Red_Red_014,Colors_Red_Red_014
Colors_Red_Red_015,Colors_Red_Red_015
Colors_Red_Red_016,Colors_Red_Red_016
Colors_Red_Red_017,Colors_Red_Red_017
Colors_Red_Red_018,Colors_Red_Red_018
Colors_Red_Red_019,Colors_Red_Red_019
Colors_Red_Red_020,Colors_Red_Red_020
Colors_Red_Red_021,Colors_Red_Red_021
Colors_Red_Red_022,Colors_Red_Red_022
Colors_Red_Red_023,Colors_Red_Red_023
Colors_Red_Red_024,Colors_Red_Red_024
Colors_Red_Red_025,Colors_Red_Red_025
Colors_Red_Red_026,Colors_Red_Red_026
Colors_Red_Red_027,Colors_Red_Red_027
Colors_Red_Red_028,Colors_Red_Red_028
Colors_Red_Red_029,Colors_Red_Red_029
Colors_Red_Red_030,Colors_Red_Red_030
Colors_White_White_001,Colors_White_White_001
Colors_White_White_002,Colors_White_White_002
Colors_White_White_003,Colors_White_White_003
Colors_White_White_004,Colors_White_White_004
Colors_White_White_005,Colors_White_White_005
Colors_White_White_006,Colors_White_White_006
Colors_White_White_007,Colors_White_White_007
Colors_White_White_008,Colors_White_White_008
Colors_White_White_009,Colors_White_White_009
Colors_White_White_010,Colors_White_White_010
Colors_White_White_011,Colors_White_White_011
Colors_White_White_012,Colors_White_White_012
Colors_White_White_013,Colors_White_White_013
Colors_White_White_014,Colors_White_White_014
Colors_White_White_015,Colors_White_White_015
Colors_White_White_016,Colors_White_White_016
Colors_White_White_017,Colors_White_White_017
Colors_White_White_018,Colors_White_White_018
Colors_White_White_019,Colors_White_White_019
Colors_White_White_020,Colors_White_White_020
Colors_White_White_021,Colors_White_White_021
Colors_White_White_022,Colors_White_White_022
Colors_White_White_023,Colors_White_White_023
Colors_White_White_024,Colors_White_White_024
Colors_White_White_025,Colors_White_White_025
Colors_White_White_026,Colors_White_White_026
Colors_White_White_027,Colors_White_White_027
Colors_White_White_028,Colors_White_White_028
Colors_White_White_029,Colors_White_White_029
Colors_White_White_030,Colors_White_White_030
Colors_White_White_031,Colors_White_White_031
Colors_White_White_032,Colors_White_White_032
Colors_White_White_033,Colors_White_White_033
Colors_White_White_034,Colors_White_White_034
Colors_White_White_035,Colors_White_White_035
Colors_White_White_036,Colors_White_White_036
Colors_White_White_037,Colors_White_White_037
Colors_White_White_038,Colors_White_White_038
Colors_White_White_039,Colors_White_White_039
Colors_White_White_040,Colors_White_White_040
Colors_White_White_041,Colors_White_White_041
Colors_White_White_042,Colors_White_White_042
Colors_White_White_043,Colors_White_White_043
Colors_White_White_044,Colors_White_White_044
Colors_White_White_045,Colors_White_White_045
Colors_White_White_046,Colors_White_White_046
Colors_White_White_047,Colors_White_White_047
Colors_White_White_048,Colors_White_White_048
Colors_Yellow_Yellow_001,Colors_Yellow_Yellow_001
Colors_Yellow_Yellow_002,Colors_Yellow_Yellow_002
Colors_Yellow_Yellow_003,Colors_Yellow_Yellow_003
Colors_Yellow_Yellow_004,Colors_Yellow_Yellow_004
Colors_Yellow_Yellow_005,Colors_Yellow_Yellow_005
Colors_Yellow_Yellow_006,Colors_Yellow_Yellow_006
Colors_Yellow_Yellow_007,Colors_Yellow_Yellow_007
Colors_Yellow_Yellow_008,Colors_Yellow_Yellow_008
Colors_Yellow_Yellow_009,Colors_Yellow_Yellow_009
Colors_Yellow_Yellow_010,Colors_Yellow_Yellow_010
Colors_Yellow_Yellow_011,Colors_Yellow_Yellow_011
Colors_Yellow_Yellow_012,Colors_Yellow_Yellow_012
Colors_Yellow_Yellow_013,Colors_Yellow_Yellow_013
Colors_Yellow_Yellow_014,Colors_Yellow_Yellow_014
Colors_Yellow_Yellow_015,Colors_Yellow_Yellow_015
Colors_Yellow_Yellow_016,Colors_Yellow_Yellow_016
Colors_Yellow_Yellow_017,Colors_Yellow_Yellow_017
Colors_Yellow_Yellow_018,Colors_Yellow_Yellow_018
Colors_Yellow_Yellow_019,Colors_Yellow_Yellow_019
Colors_Yellow_Yellow_020,Colors_Yellow_Yellow_020
Colors_Yellow_Yellow_021,Colors_Yellow_Yellow_021
Colors_Yellow_Yellow_022,Colors_Yellow_Yellow_022
Colors_Yellow_Yellow_023,Colors_Yellow_Yellow_023
Colors_Yellow_Yellow_024,Colors_Yellow_Yellow_024
Colors_Yellow_Yellow_025,Colors_Yellow_Yellow_025
Colors_Yellow_Yellow_026,Colors_Yellow_Yellow_026
Colors_Yellow_Yellow_027,Colors_Yellow_Yellow_027
Colors_Yellow_Yellow_028,Colors_Yellow_Yellow_028
Colors_Yellow_Yellow_029,Colors_Yellow_Yellow_029
Colors_Yellow_Yellow_030,Colors_Yellow_Yellow_030
Colors_Yellow_Yellow_031,Colors_Yellow_Yellow_031
Colors_Yellow_Yellow_032,Colors_Yellow_Yellow_032
Colors_Yellow_Yellow_033,Colors_Yellow_Yellow_033
Colors_Yellow_Yellow_034,Colors_Yellow_Yellow_034
Colors_Yellow_Yellow_035,Colors_Yellow_Yellow_035
Colors_Yellow_Yellow_036,Colors_Yellow_Yellow_036
Colors_Yellow_Yellow_037,Colors_Yellow_Yellow_037
Colors_Yellow_Yellow_038,Colors_Yellow_Yellow_038
Colors_Yellow_Yellow_039,Colors_Yellow_Yellow_039
Colors_Yellow_Yellow_040,Colors_Yellow_Yellow_040
Colors_Yellow_Yellow_041,Colors_Yellow_Yellow_041
Colors_Yellow_Yellow_042,Colors_Yellow_Yellow_042
Colors_Yellow_Yellow_043,Colors_Yellow_Yellow_043
Colors_Yellow_Yellow_044,Colors_Yellow_Yellow_044
Colors_Yellow_Yellow_045,Colors_Yellow_Yellow_045
Colors_Yellow_Yellow_046,Colors_Yellow_Yellow_046
Colors_Yellow_Yellow_047,Colors_Yellow_Yellow_047
Colors_Yellow_Yellow_048,Colors_Yellow_Yellow_048
Conjunctions_Or_Or_001,Conjunctions_Or_Or_001
Conjunctions_Or_Or_002,Conjunctions_Or_Or_002
Conjunctions_Or_Or_003,Conjunctions_Or_Or_003
Conjunctions_Or_Or_004,Conjunctions_Or_Or_004
Days_Day_after_tomorrow_Day_after_tomorrow_001,Days_Day_after_tomorrow_Day_after_tomorrow_001
Days_Day_Day_001,Days_Day_Day_001
Days_Day_Day_002,Days_Day_Day_002
Days_Day_Day_003,Days_Day_Day_003
Days_Day_Day_004,Days_Day_Day_004
Days_Day_Day_005,Days_Day_Day_005
Days_Day_Day_006,Days_Day_Day_006
Days_Day_Day_007,Days_Day_Day_007
Days_Day_Day_008,Days_Day_Day_008
Days_Day_Day_009,Days_Day_Day_009
Days_Day_Day_010,Days_Day_Day_010
Days_Day_Day_011,Days_Day_Day_011
Days_Day_Day_012,Days_Day_Day_012
Days_Day_Day_013,Days_Day_Day_013
Days_Day_Day_014,Days_Day_Day_014
Days_Day_Day_015,Days_Day_Day_015
Days_Day_Day_016,Days_Day_Day_016
Days_Day_Day_017,Days_Day_Day_017
Days_Day_Day_018,Days_Day_Day_018
Days_Day_Day_019,Days_Day_Day_019
Days_Day_Day_020,Days_Day_Day_020
Days_Day_Day_021,Days_Day_Day_021
Days_Day_Day_022,Days_Day_Day_022
Days_Evening_Evening_001,Days_Evening_Evening_001
Days_Evening_Evening_002,Days_Evening_Evening_002
Days_Friday_Friday_001,Days_Friday_Friday_001
Days_Friday_Friday_002,Days_Friday_Friday_002
Days_Friday_Friday_003,Days_Friday_Friday_003
Days_Friday_Friday_004,Days_Friday_Friday_004
Days_Friday_Friday_005,Days_Friday_Friday_005
Days_Friday_Friday_006,Days_Friday_Friday_006
Days_Friday_Friday_007,Days_Friday_Friday_007
Days_Friday_Friday_008,Days_Friday_Friday_008
Days_Good_evening_Good_evening_001,Days_Good_evening_Good_evening_001
Days_Good_evening_Good_evening_002,Days_Good_evening_Good_evening_002
Days_Good_evening_Good_evening_003,Days_Good_evening_Good_evening_003
Days_Good_evening_Good_evening_004,Days_Good_evening_Good_evening_004
Days_Good_morning_Good_morning_001,Days_Good_morning_Good_morning_001
Days_Good_morning_Good_morning_002,Days_Good_morning_Good_morning_002
Days_Good_morning_Good_morning_003,Days_Good_morning_Good_morning_003
Days_Good_morning_Good_morning_004,Days_Good_morning_Good_morning_004
Days_Good_night_Good_night_001,Days_Good_night_Good_night_001
Days_Good_night_Good_night_002,Days_Good_night_Good_night_002
Days_Good_night_Good_night_003,Days_Good_night_Good_night_003
Days_Good_night_Good_night_004,Days_Good_night_Good_night_004
Days_Hour_Hour_001,Days_Hour_Hour_001
Days_Hour_Hour_002,Days_Hour_Hour_002
Days_Hour_Hour_003,Days_Hour_Hour_003
Days_Hour_Hour_004,Days_Hour_Hour_004
Days_Hour_Hour_005,Days_Hour_Hour_005
Days_Hour_Hour_006,Days_Hour_Hour_006
Days_Hour_Hour_007,Days_Hour_Hour_007
Days_Hour_Hour_008,Days_Hour_Hour_008
Days_Hour_Hour_009,Days_Hour_Hour_009
Days_Hour_Hour_010,Days_Hour_Hour_010
Days_Hour_Hour_011,Days_Hour_Hour_011
Days_Hour_Hour_012,Days_Hour_Hour_012
Days_Hour_Hour_013,Days_Hour_Hour_013
Days_Hour_Hour_014,Days_Hour_Hour_014
Days_Hour_Hour_015,Days_Hour_Hour_015
Days_Hour_Hour_016,Days_Hour_Hour_016
Days_Hour_Hour_017,Days_Hour_Hour_017
Days_Hour_Hour_018,Days_Hour_Hour_018
Days_Hour_Hour_019,Days_Hour_Hour_019
Days_Hour_Hour_020,Days_Hour_Hour_020
Days_Hour_Hour_021,Days_Hour_Hour_021
Days_Hour_Hour_022,Days_Hour_Hour_022
Days_Hour_Hour_023,Days_Hour_Hour_023
Days_Hour_Hour_024,Days_Hour_Hour_024
Days_Hour_Hour_025,Days_Hour_Hour_025
Days_Hour_Hour_026,Days_Hour_Hour_026
Days_Hour_Hour_027,Days_Hour_Hour_027
Days_Hour_Hour_028,Days_Hour_Hour_028
Days_Hour_Hour_029,Days_Hour_Hour_029
Days_Hour_Hour_030,Days_Hour_Hour_030
Days_Hour_Hour_031,Days_Hour_Hour_031
Days_Hour_Hour_032,Days_Hour_Hour_032
Days_Hour_Hour_033,Days_Hour_Hour_033
Days_Hour_Hour_034,Days_Hour_Hour_034
Days_Hour_Hour_035,Days_Hour_Hour_035
Days_Monday_Monday_001,Days_Monday_Monday_001
Days_Monday_Monday_002,Days_Monday_Monday_002
Days_Monday_Monday_003,Days_Monday_Monday_003
Days_Monday_Monday_004,Days_Monday_Monday_004
Days_Monday_Monday_005,Days_Monday_Monday_005
Days_Monday_Monday_006,Days_Monday_Monday_006
Days_Monday_Monday_007,Days_Monday_Monday_007
Days_Monday_Monday_008,Days_Monday_Monday_008
Days_Monday_Monday_009,Days_Monday_Monday_009
Days_Monday_Monday_010,Days_Monday_Monday_010
Days_Monday_Monday_011,Days_Monday_Monday_011
Days_Monday_Monday_012,Days_Monday_Monday_012
Days_Monday_Monday_013,Days_Monday_Monday_013
Days_Monday_Monday_014,Days_Monday_Monday_014
Days_Monday_Monday_015,Days_Monday_Monday_015
Days_Monday_Monday_016,Days_Monday_Monday_016
Days_Monday_Monday_017,Days_Monday_Monday_017
Days_Monday_Monday_018,Days_Monday_Monday_018
Days_Monday_Monday_019,Days_Monday_Monday_019
Days_Monday_Monday_020,Days_Monday_Monday_020
Days_Monday_Monday_021,Days_Monday_Monday_021
Days_Monday_Monday_022,Days_Monday_Monday_022
Days_Monday_Monday_023,Days_Monday_Monday_023
Days_Monday_Monday_024,Days_Monday_Monday_024
Days_Morning_Morning_001,Days_Morning_Morning_001
Days_Morning_Morning_002,Days_Morning_Morning_002
Days_Night_Night_001,Days_Night_Night_001
Days_Night_Night_002,Days_Night_Night_002
Days_Night_Night_003,Days_Night_Night_003
Days_Saturday_Saturday_001,Days_Saturday_Saturday_001
Days_Saturday_Saturday_002,Days_Saturday_Saturday_002
Days_Saturday_Saturday_003,Days_Saturday_Saturday_003
Days_Seconds_Seconds_001,Days_Seconds_Seconds_001
Days_Seconds_Seconds_002,Days_Seconds_Seconds_002
Days_Sunday_Sunday_001,Days_Sunday_Sunday_001
Days_Sunday_Sunday_002,Days_Sunday_Sunday_002
Days_Sunday_Sunday_003,Days_Sunday_Sunday_003
Days_Sunday_Sunday_004,Days_Sunday_Sunday_004
Days_Thursday_Thursday_001,Days_Thursday_Thursday_001
Days_Thursday_Thursday_002,Days_Thursday_Thursday_002
Days_Thursday_Thursday_003,Days_Thursday_Thursday_003
Days_Time_Time_001,Days_Time_Time_001
Days_Time_Time_002,Days_Time_Time_002
Days_Time_Time_003,Days_Time_Time_003
Days_Time_Time_004,Days_Time_Time_004
Days_Time_Time_005,Days_Time_Time_005
Days_Time_Time_006,Days_Time_Time_006
Days_Time_Time_007,Days_Time_Time_007
Days_Time_Time_008,Days_Time_Time_008
Days_Time_Time_009,Days_Time_Time_009
Days_Time_Time_010,Days_Time_Time_010
Days_Time_Time_011,Days_Time_Time_011
Days_Time_Time_012,Days_Time_Time_012
Days_Time_Time_013,Days_Time_Time_013
Days_Time_Time_014,Days_Time_Time_014
Days_Time_Time_015,Days_Time_Time_015
Days_Time_Time_016,Days_Time_Time_016
Days_Time_Time_017,Days_Time_Time_017
Days_Time_Time_018,Days_Time_Time_018
Days_Time_Time_019,Days_Time_Time_019
Days_Time_Time_020,Days_Time_Time_020
Days_Time_Time_021,Days_Time_Time_021
Days_Time_Time_022,Days_Time_Time_022
Days_Time_Time_023,Days_Time_Time_023
Days_Time_Time_024,Days_Time_Time_024
Days_Time_Time_025,Days_Time_Time_025
Days_Today_Today_001,Days_Today_Today_001
Days_Today_Today_002,Days_Today_Today_002
Days_Today_Today_003,Days_Today_Today_003
Days_Today_Today_004,Days_Today_Today_004
Days_Today_Today_005,Days_Today_Today_005
Days_Today_Today_006,Days_Today_Today_006
Days_Today_Today_007,Days_Today_Today_007
Days_Today_Today_008,Days_Today_Today_008
Days_Today_Today_009,Days_Today_Today_009
Days_Today_Today_010,Days_Today_Today_010
Days_Today_Today_011,Days_Today_Today_011
Days_Today_Today_012,Days_Today_Today_012
Days_Today_Today_013,Days_Today_Today_013
Days_Today_Today_014,Days_Today_Today_014
Days_Today_Today_015,Days_Today_Today_015
Days_Today_Today_016,Days_Today_Today_016
Days_Today_Today_017,Days_Today_Today_017
Days_Today_Today_018,Days_Today_Today_018
Days_Today_Today_019,Days_Today_Today_019
Days_Today_Today_020,Days_Today_Today_020
Days_Today_Today_021,Days_Today_Today_021
Days_Today_Today_022,Days_Today_Today_022
Days_Today_Today_023,Days_Today_Today_023
Days_Today_Today_024,Days_Today_Today_024
Days_Today_Today_025,Days_Today_Today_025
Days_Today_Today_026,Days_Today_Today_026
Days_Today_Today_027,Days_Today_Today_027
Days_Today_Today_028,Days_Today_Today_028
Days_Today_Today_029,Days_Today_Today_029
Days_Today_Today_030,Days_Today_Today_030
Days_Today_Today_031,Days_Today_Today_031
Days_Today_Today_032,Days_Today_Today_032
Days_Today_Today_033,Days_Today_Today_033
Days_Today_Today_034,Days_Today_Today_034
Days_Today_Today_035,Days_Today_Today_035
Days_Today_Today_036,Days_Today_Today_036
Days_Tomorrow_Tomorrow_001,Days_Tomorrow_Tomorrow_001
Days_Tomorrow_Tomorrow_002,Days_Tomorrow_Tomorrow_002
Days_Tomorrow_Tomorrow_003,Days_Tomorrow_Tomorrow_003
Days_Tomorrow_Tomorrow_004,Days_Tomorrow_Tomorrow_004
Days_Tomorrow_Tomorrow_005,Days_Tomorrow_Tomorrow_005
Days_Tomorrow_Tomorrow_006,Days_Tomorrow_Tomorrow_006
Days_Tomorrow_Tomorrow_007,Days_Tomorrow_Tomorrow_007
Days_Tomorrow_Tomorrow_008,Days_Tomorrow_Tomorrow_008
Days_Tomorrow_Tomorrow_009,Days_Tomorrow_Tomorrow_009
Days_Tomorrow_Tomorrow_010,Days_Tomorrow_Tomorrow_010
Days_Tomorrow_Tomorrow_011,Days_Tomorrow_Tomorrow_011
Days_Tomorrow_Tomorrow_012,Days_Tomorrow_Tomorrow_012
Days_Tomorrow_Tomorrow_013,Days_Tomorrow_Tomorrow_013
Days_Tomorrow_Tomorrow_014,Days_Tomorrow_Tomorrow_014
Days_Tomorrow_Tomorrow_015,Days_Tomorrow_Tomorrow_015
Days_Tomorrow_Tomorrow_016,Days_Tomorrow_Tomorrow_016
Days_Tomorrow_Tomorrow_017,Days_Tomorrow_Tomorrow_017
Days_Tomorrow_Tomorrow_018,Days_Tomorrow_Tomorrow_018
Days_Tomorrow_Tomorrow_019,Days_Tomorrow_Tomorrow_019
Days_Tuesday_Tuesday_001,Days_Tuesday_Tuesday_001
Days_Tuesday_Tuesday_002,Days_Tuesday_Tuesday_002
Days_Tuesday_Tuesday_003,Days_Tuesday_Tuesday_003
Days_Tuesday_Tuesday_004,Days_Tuesday_Tuesday_004
Days_Tuesday_Tuesday_005,Days_Tuesday_Tuesday_005
Days_Wednesday_Wednesday_001,Days_Wednesday_Wednesday_001
Days_Wednesday_Wednesday_002,Days_Wednesday_Wednesday_002
Days_Wednesday_Wednesday_003,Days_Wednesday_Wednesday_003
Days_Wednesday_Wednesday_004,Days_Wednesday_Wednesday_004
Days_Wednesday_Wednesday_005,Days_Wednesday_Wednesday_005
Days_Wednesday_Wednesday_006,Days_Wednesday_Wednesday_006
Days_Wednesday_Wednesday_007,Days_Wednesday_Wednesday_007
Days_Wednesday_Wednesday_008,Days_Wednesday_Wednesday_008
Days_Wednesday_Wednesday_009,Days_Wednesday_Wednesday_009
Days_Wednesday_Wednesday_010,Days_Wednesday_Wednesday_010
Days_Wednesday_Wednesday_011,Days_Wednesday_Wednesday_011
Days_Wednesday_Wednesday_012,Days_Wednesday_Wednesday_012
Days_Wednesday_Wednesday_013,Days_Wednesday_Wednesday_013
Days_Wednesday_Wednesday_014,Days_Wednesday_Wednesday_014
Days_Wednesday_Wednesday_015,Days_Wednesday_Wednesday_015
Days_Wednesday_Wednesday_016,Days_Wednesday_Wednesday_016
Days_Wednesday_Wednesday_017,Days_Wednesday_Wednesday_017
Days_Wednesday_Wednesday_018,Days_Wednesday_Wednesday_018
Days_Wednesday_Wednesday_019,Days_Wednesday_Wednesday_019
Days_Week_Week_001,Days_Week_Week_001
Days_Week_Week_002,Days_Week_Week_002
Days_Week_Week_003,Days_Week_Week_003
Days_Week_Week_004,Days_Week_Week_004
Days_Week_Week_005,Days_Week_Week_005
Days_Week_Week_006,Days_Week_Week_006
Days_Yesterday_Yesterday_001,Days_Yesterday_Yesterday_001
Days_Yesterday_Yesterday_002,Days_Yesterday_Yesterday_002
Days_Yesterday_Yesterday_003,Days_Yesterday_Yesterday_003
Days_Yesterday_Yesterday_004,Days_Yesterday_Yesterday_004
Days_Yesterday_Yesterday_005,Days_Yesterday_Yesterday_005
Days_Yesterday_Yesterday_006,Days_Yesterday_Yesterday_006
Days_Yesterday_Yesterday_007,Days_Yesterday_Yesterday_007
Days_Yesterday_Yesterday_008,Days_Yesterday_Yesterday_008
Days_Yesterday_Yesterday_009,Days_Yesterday_Yesterday_009
Days_Yesterday_Yesterday_010,Days_Yesterday_Yesterday_010
Days_Yesterday_Yesterday_011,Days_Yesterday_Yesterday_011
Days_Yesterday_Yesterday_012,Days_Yesterday_Yesterday_012
Days_Yesterday_Yesterday_013,Days_Yesterday_Yesterday_013
Days_Yesterday_Yesterday_014,Days_Yesterday_Yesterday_014
Days_Yesterday_Yesterday_015,Days_Yesterday_Yesterday_015
Days_Yesterday_Yesterday_016,Days_Yesterday_Yesterday_016
Determiner_No_No_001,Determiner_No_No_001
Determiner_No_No_002,Determiner_No_No_002
Determiner_No_No_003,Determiner_No_No_003
Greetings_Alright_Alright_001,Greetings_Alright_Alright_001
Greetings_Alright_Alright_002,Greetings_Alright_Alright_002
Greetings_Alright_Alright_003,Greetings_Alright_Alright_003
Greetings_Alright_Alright_004,Greetings_Alright_Alright_004
Greetings_Alright_Alright_005,Greetings_Alright_Alright_005
Greetings_Alright_Alright_006,Greetings_Alright_Alright_006
Greetings_Alright_Alright_007,Greetings_Alright_Alright_007
Greetings_Alright_Alright_008,Greetings_Alright_Alright_008
Greetings_Alright_Alright_009,Greetings_Alright_Alright_009
Greetings_Alright_Alright_010,Greetings_Alright_Alright_010
Greetings_Alright_Alright_011,Greetings_Alright_Alright_011
Greetings_Alright_Alright_012,Greetings_Alright_Alright_012
Greetings_Alright_Alright_013,Greetings_Alright_Alright_013
Greetings_Alright_Alright_014,Greetings_Alright_Alright_014
Greetings_Alright_Alright_015,Greetings_Alright_Alright_015
Greetings_Alright_Alright_016,Greetings_Alright_Alright_016
Greetings_Alright_Alright_017,Greetings_Alright_Alright_017
Greetings_Alright_Alright_018,Greetings_Alright_Alright_018
Greetings_Alright_Alright_019,Greetings_Alright_Alright_019
Greetings_Alright_Alright_020,Greetings_Alright_Alright_020
Greetings_Alright_Alright_021,Greetings_Alright_Alright_021
Greetings_Ayubowan_Ayubowan_001,Greetings_Ayubowan_Ayubowan_001
Greetings_Ayubowan_Ayubowan_002,Greetings_Ayubowan_Ayubowan_002
Greetings_Ayubowan_Ayubowan_003,Greetings_Ayubowan_Ayubowan_003
Greetings_Ayubowan_Ayubowan_004,Greetings_Ayubowan_Ayubowan_004
Greetings_Hello_Hello_001,Greetings_Hello_Hello_001
Greetings_Hello_Hello_002,Greetings_Hello_Hello_002
Greetings_Hello_Hello_003,Greetings_Hello_Hello_003
Greetings_Hello_Hello_004,Greetings_Hello_Hello_004
Greetings_Hello_Hello_005,Greetings_Hello_Hello_005
Greetings_Hello_Hello_006,Greetings_Hello_Hello_006
Greetings_Hello_Hello_007,Greetings_Hello_Hello_007
Greetings_Hello_Hello_008,Greetings_Hello_Hello_008
Greetings_Hello_Hello_009,Greetings_Hello_Hello_009
Greetings_Hello_Hello_010,Greetings_Hello_Hello_010
Greetings_Hello_Hello_011,Greetings_Hello_Hello_011
Greetings_Hello_Hello_012,Greetings_Hello_Hello_012
Greetings_Hello_Hello_013,Greetings_Hello_Hello_013
Greetings_Hello_Hello_014,Greetings_Hello_Hello_014
Greetings_Hello_Hello_015,Greetings_Hello_Hello_015
Greetings_Hello_Hello_016,Greetings_Hello_Hello_016
Greetings_Hello_Hello_017,Greetings_Hello_Hello_017
Greetings_Hello_Hello_018,Greetings_Hello_Hello_018
Greetings_Hello_Hello_019,Greetings_Hello_Hello_019
Greetings_Hello_Hello_020,Greetings_Hello_Hello_020
Greetings_Hello_Hello_021,Greetings_Hello_Hello_021
Greetings_Hello_Hello_022,Greetings_Hello_Hello_022
Greetings_Hello_Hello_023,Greetings_Hello_Hello_023
Greetings_Hello_Hello_024,Greetings_Hello_Hello_024
Greetings_Hello_Hello_025,Greetings_Hello_Hello_025
Greetings_Hello_Hello_026,Greetings_Hello_Hello_026
Greetings_Hello_Hello_027,Greetings_Hello_Hello_027
Greetings_Hello_Hello_028,Greetings_Hello_Hello_028
Greetings_Hello_Hello_029,Greetings_Hello_Hello_029
Greetings_Hello_Hello_030,Greetings_Hello_Hello_030
Greetings_Hello_Hello_031,Greetings_Hello_Hello_031
Greetings_Hello_Hello_032,Greetings_Hello_Hello_032
Greetings_Hello_Hello_033,Greetings_Hello_Hello_033
Greetings_Hello_Hello_034,Greetings_Hello_Hello_034
Greetings_Hello_Hello_035,Greetings_Hello_Hello_035
Greetings_Hello_Hello_036,Greetings_Hello_Hello_036
Greetings_Hello_Hello_037,Greetings_Hello_Hello_037
Greetings_Hello_Hello_038,Greetings_Hello_Hello_038
Greetings_Hello_Hello_039,Greetings_Hello_Hello_039
Greetings_Hello_Hello_040,Greetings_Hello_Hello_040
Greetings_Hello_Hello_041,Greetings_Hello_Hello_041
Greetings_Hello_Hello_042,Greetings_Hello_Hello_042
Greetings_Hello_Hello_043,Greetings_Hello_Hello_043
Greetings_Hello_Hello_044,Greetings_Hello_Hello_044
Greetings_Hello_Hello_045,Greetings_Hello_Hello_045
Greetings_Hello_Hello_046,Greetings_Hello_Hello_046
Greetings_Hello_Hello_047,Greetings_Hello_Hello_047
Greetings_Hello_Hello_048,Greetings_Hello_Hello_048
Greetings_Hello_Hello_049,Greetings_Hello_Hello_049
Greetings_Hello_Hello_050,Greetings_Hello_Hello_050
Greetings_Hello_Hello_051,Greetings_Hello_Hello_051
Greetings_Hello_Hello_052,Greetings_Hello_Hello_052
Greetings_Hello_Hello_053,Greetings_Hello_Hello_053
Greetings_Hello_Hello_054,Greetings_Hello_Hello_054
Greetings_Hello_Hello_055,Greetings_Hello_Hello_055
Greetings_Hello_Hello_056,Greetings_Hello_Hello_056
Greetings_Hello_Hello_057,Greetings_Hello_Hello_057
Greetings_Hello_Hello_058,Greetings_Hello_Hello_058
Greetings_Hello_Hello_059,Greetings_Hello_Hello_059
Greetings_Hello_Hello_060,Greetings_Hello_Hello_060
Greetings_Hello_Hello_061,Greetings_Hello_Hello_061
Greetings_Hello_Hello_062,Greetings_Hello_Hello_062
Greetings_Hello_Hello_063,Greetings_Hello_Hello_063
Greetings_Hello_Hello_064,Greetings_Hello_Hello_064
Greetings_Hello_Hello_065,Greetings_Hello_Hello_065
Greetings_Hello_Hello_066,Greetings_Hello_Hello_066
Greetings_Hello_Hello_067,Greetings_Hello_Hello_067
Greetings_Hello_Hello_068,Greetings_Hello_Hello_068
Greetings_Hello_Hello_069,Greetings_Hello_Hello_069
Greetings_Hello_Hello_070,Greetings_Hello_Hello_070
Greetings_Hello_Hello_071,Greetings_Hello_Hello_071
Greetings_Hello_Hello_072,Greetings_Hello_Hello_072
Greetings_Hello_Hello_073,Greetings_Hello_Hello_073
Greetings_Hello_Hello_074,Greetings_Hello_Hello_074
Greetings_Hello_Hello_075,Greetings_Hello_Hello_075
Greetings_Hello_Hello_076,Greetings_Hello_Hello_076
Greetings_Hello_Hello_077,Greetings_Hello_Hello_077
Greetings_Hello_Hello_078,Greetings_Hello_Hello_078
Greetings_Hello_Hello_079,Greetings_Hello_Hello_079
Greetings_Hello_Hello_080,Greetings_Hello_Hello_080
Greetings_Hello_Hello_081,Greetings_Hello_Hello_081
Greetings_Hello_Hello_082,Greetings_Hello_Hello_082
Greetings_Hello_Hello_083,Greetings_Hello_Hello_083
Greetings_Hello_Hello_084,Greetings_Hello_Hello_084
Greetings_Hello_Hello_085,Greetings_Hello_Hello_085
Greetings_Hello_Hello_086,Greetings_Hello_Hello_086
Greetings_Hello_Hello_087,Greetings_Hello_Hello_087
Greetings_Hello_Hello_088,Greetings_Hello_Hello_088
Greetings_Hello_Hello_089,Greetings_Hello_Hello_089
Greetings_Hello_Hello_090,Greetings_Hello_Hello_090
Greetings_Hello_Hello_091,Greetings_Hello_Hello_091
Greetings_Hello_Hello_092,Greetings_Hello_Hello_092
Greetings_Hello_Hello_093,Greetings_Hello_Hello_093
Greetings_Hello_Hello_094,Greetings_Hello_Hello_094
Greetings_Hello_Hello_095,Greetings_Hello_Hello_095
Greetings_Hello_Hello_096,Greetings_Hello_Hello_096
Greetings_Hello_Hello_097,Greetings_Hello_Hello_097
Greetings_Hello_Hello_098,Greetings_Hello_Hello_098
Greetings_Hello_Hello_099,Greetings_Hello_Hello_099
Greetings_Hello_Hello_100,Greetings_Hello_Hello_100
Greetings_Hello_Hello_101,Greetings_Hello_Hello_101
Greetings_Hello_Hello_102,Greetings_Hello_Hello_102
Greetings_How_are_you_How_are_you_001,Greetings_How_are_you_How_are_you_001
Greetings_How_are_you_How_are_you_002,Greetings_How_are_you_How_are_you_002
Greetings_Thank_you_Thank_you_001,Greetings_Thank_you_Thank_you_001
Greetings_Thank_you_Thank_you_002,Greetings_Thank_you_Thank_you_002
Greetings_Thank_you_Thank_you_003,Greetings_Thank_you_Thank_you_003
Greetings_Thank_you_Thank_you_004,Greetings_Thank_you_Thank_you_004
Greetings_Thank_you_Thank_you_005,Greetings_Thank_you_Thank_you_005
Greetings_Thank_you_Thank_you_006,Greetings_Thank_you_Thank_you_006
Greetings_Thank_you_Thank_you_007,Greetings_Thank_you_Thank_you_007
Greetings_Thank_you_Thank_you_008,Greetings_Thank_you_Thank_you_008
Greetings_Thank_you_Thank_you_009,Greetings_Thank_you_Thank_you_009
Greetings_Thank_you_Thank_you_010,Greetings_Thank_you_Thank_you_010
Greetings_Thank_you_Thank_you_011,Greetings_Thank_you_Thank_you_011
Greetings_Thank_you_Thank_you_012,Greetings_Thank_you_Thank_you_012
Greetings_Thank_you_Thank_you_013,Greetings_Thank_you_Thank_you_013
Greetings_Thank_you_Thank_you_014,Greetings_Thank_you_Thank_you_014
Greetings_Thank_you_Thank_you_015,Greetings_Thank_you_Thank_you_015
Greetings_Thank_you_Thank_you_016,Greetings_Thank_you_Thank_you_016
Greetings_Thank_you_Thank_you_017,Greetings_Thank_you_Thank_you_017
Greetings_Thank_you_Thank_you_018,Greetings_Thank_you_Thank_you_018
Greetings_Thank_you_Thank_you_019,Greetings_Thank_you_Thank_you_019
Greetings_Thank_you_Thank_you_020,Greetings_Thank_you_Thank_you_020
Greetings_Thank_you_Thank_you_021,Greetings_Thank_you_Thank_you_021
Greetings_Thank_you_Thank_you_022,Greetings_Thank_you_Thank_you_022
Greetings_Thank_you_Thank_you_023,Greetings_Thank_you_Thank_you_023
Greetings_Thank_you_Thank_you_024,Greetings_Thank_you_Thank_you_024
Greetings_Thank_you_Thank_you_025,Greetings_Thank_you_Thank_you_025
Greetings_Thank_you_Thank_you_026,Greetings_Thank_you_Thank_you_026
Greetings_Thank_you_Thank_you_027,Greetings_Thank_you_Thank_you_027
Greetings_Thank_you_Thank_you_028,Greetings_Thank_you_Thank_you_028
Greetings_Thank_you_Thank_you_029,Greetings_Thank_you_Thank_you_029
Greetings_Thank_you_Thank_you_030,Greetings_Thank_you_Thank_you_030
Greetings_Thank_you_Thank_you_031,Greetings_Thank_you_Thank_you_031
Greetings_Thank_you_Thank_you_032,Greetings_Thank_you_Thank_you_032
Greetings_Thank_you_Thank_you_033,Greetings_Thank_you_Thank_you_033
Greetings_Thank_you_Thank_you_034,Greetings_Thank_you_Thank_you_034
Greetings_Thank_you_Thank_you_035,Greetings_Thank_you_Thank_you_035
Greetings_Thank_you_Thank_you_036,Greetings_Thank_you_Thank_you_036
Greetings_Thank_you_Thank_you_037,Greetings_Thank_you_Thank_you_037
Greetings_Thank_you_Thank_you_038,Greetings_Thank_you_Thank_you_038
Greetings_Thank_you_Thank_you_039,Greetings_Thank_you_Thank_you_039
Greetings_Thank_you_Thank_you_040,Greetings_Thank_you_Thank_you_040
Greetings_Thank_you_Thank_you_041,Greetings_Thank_you_Thank_you_041
Greetings_Thank_you_Thank_you_042,Greetings_Thank_you_Thank_you_042
Greetings_Thank_you_Thank_you_043,Greetings_Thank_you_Thank_you_043
Greetings_Thank_you_Thank_you_044,Greetings_Thank_you_Thank_you_044
Greetings_Thank_you_Thank_you_045,Greetings_Thank_you_Thank_you_045
Greetings_Thank_you_Thank_you_046,Greetings_Thank_you_Thank_you_046
Greetings_Thank_you_Thank_you_047,Greetings_Thank_you_Thank_you_047
Greetings_Thank_you_Thank_you_048,Greetings_Thank_you_Thank_you_048
Greetings_Thank_you_Thank_you_049,Greetings_Thank_you_Thank_you_049
Greetings_Thank_you_Thank_you_050,Greetings_Thank_you_Thank_you_050
Greetings_Thank_you_Thank_you_051,Greetings_Thank_you_Thank_you_051
Greetings_Thank_you_Thank_you_052,Greetings_Thank_you_Thank_you_052
Greetings_Thank_you_Thank_you_053,Greetings_Thank_you_Thank_you_053
Greetings_Thank_you_Thank_you_054,Greetings_Thank_you_Thank_you_054
Greetings_Thank_you_Thank_you_055,Greetings_Thank_you_Thank_you_055
Greetings_Thank_you_Thank_you_056,Greetings_Thank_you_Thank_you_056
Greetings_Thank_you_Thank_you_057,Greetings_Thank_you_Thank_you_057
Greetings_Thank_you_Thank_you_058,Greetings_Thank_you_Thank_you_058
Greetings_Thank_you_Thank_you_059,Greetings_Thank_you_Thank_you_059
Greetings_Thank_you_Thank_you_060,Greetings_Thank_you_Thank_you_060
Greetings_Thank_you_Thank_you_061,Greetings_Thank_you_Thank_you_061
Greetings_Thank_you_Thank_you_062,Greetings_Thank_you_Thank_you_062
Greetings_Thank_you_Thank_you_063,Greetings_Thank_you_Thank_you_063
Greetings_Thank_you_Thank_you_064,Greetings_Thank_you_Thank_you_064
Greetings_Thank_you_Thank_you_065,Greetings_Thank_you_Thank_you_065
Greetings_Thank_you_Thank_you_066,Greetings_Thank_you_Thank_you_066
Greetings_Thank_you_Thank_you_067,Greetings_Thank_you_Thank_you_067
Greetings_Thank_you_Thank_you_068,Greetings_Thank_you_Thank_you_068
Greetings_Thank_you_Thank_you_069,Greetings_Thank_you_Thank_you_069
Greetings_Thank_you_Thank_you_070,Greetings_Thank_you_Thank_you_070
Greetings_Thank_you_Thank_you_071,Greetings_Thank_you_Thank_you_071
Greetings_Thank_you_Thank_you_072,Greetings_Thank_you_Thank_you_072
Greetings_Thank_you_Thank_you_073,Greetings_Thank_you_Thank_you_073
Greetings_Thank_you_Thank_you_074,Greetings_Thank_you_Thank_you_074
Greetings_Thank_you_Thank_you_075,Greetings_Thank_you_Thank_you_075
Greetings_Thank_you_Thank_you_076,Greetings_Thank_you_Thank_you_076
Greetings_Thank_you_Thank_you_077,Greetings_Thank_you_Thank_you_077
Greetings_Thank_you_Thank_you_078,Greetings_Thank_you_Thank_you_078
Greetings_Thank_you_Thank_you_079,Greetings_Thank_you_Thank_you_079
Greetings_Thank_you_Thank_you_080,Greetings_Thank_you_Thank_you_080
Greetings_Thank_you_Thank_you_081,Greetings_Thank_you_Thank_you_081
Greetings_Thank_you_Thank_you_082,Greetings_Thank_you_Thank_you_082
Greetings_Thank_you_Thank_you_083,Greetings_Thank_you_Thank_you_083
Greetings_Thank_you_Thank_you_084,Greetings_Thank_you_Thank_you_084
Greetings_Thank_you_Thank_you_085,Greetings_Thank_you_Thank_you_085
Greetings_Thank_you_Thank_you_086,Greetings_Thank_you_Thank_you_086
Greetings_Thank_you_Thank_you_087,Greetings_Thank_you_Thank_you_087
Greetings_Thank_you_Thank_you_088,Greetings_Thank_you_Thank_you_088
Greetings_Thank_you_Thank_you_089,Greetings_Thank_you_Thank_you_089
Greetings_Thank_you_Thank_you_090,Greetings_Thank_you_Thank_you_090
Greetings_Thank_you_Thank_you_091,Greetings_Thank_you_Thank_you_091
Greetings_Thank_you_Thank_you_092,Greetings_Thank_you_Thank_you_092
Greetings_Thank_you_Thank_you_093,Greetings_Thank_you_Thank_you_093
Greetings_Thank_you_Thank_you_094,Greetings_Thank_you_Thank_you_094
Greetings_Thank_you_Thank_you_095,Greetings_Thank_you_Thank_you_095
Greetings_Thank_you_Thank_you_096,Greetings_Thank_you_Thank_you_096
Greetings_Thank_you_Thank_you_097,Greetings_Thank_you_Thank_you_097
Greetings_Thank_you_Thank_you_098,Greetings_Thank_you_Thank_you_098
Greetings_Thank_you_Thank_you_099,Greetings_Thank_you_Thank_you_099
Greetings_Thank_you_Thank_you_100,Greetings_Thank_you_Thank_you_100
Greetings_Thank_you_Thank_you_101,Greetings_Thank_you_Thank_you_101
Greetings_Thank_you_Thank_you_102,Greetings_Thank_you_Thank_you_102
Greetings_Thank_you_Thank_you_103,Greetings_Thank_you_Thank_you_103
Greetings_Thank_you_Thank_you_104,Greetings_Thank_you_Thank_you_104
Greetings_Thank_you_Thank_you_105,Greetings_Thank_you_Thank_you_105
Greetings_Thank_you_Thank_you_106,Greetings_Thank_you_Thank_you_106
Greetings_Thank_you_Thank_you_107,Greetings_Thank_you_Thank_you_107
Greetings_Thank_you_Thank_you_108,Greetings_Thank_you_Thank_you_108
Greetings_Thank_you_Thank_you_109,Greetings_Thank_you_Thank_you_109
Greetings_Thank_you_Thank_you_110,Greetings_Thank_you_Thank_you_110
Greetings_Thank_you_Thank_you_111,Greetings_Thank_you_Thank_you_111
Greetings_Thank_you_Thank_you_112,Greetings_Thank_you_Thank_you_112
Greetings_Thank_you_Thank_you_113,Greetings_Thank_you_Thank_you_113
Greetings_Thank_you_Thank_you_114,Greetings_Thank_you_Thank_you_114
Greetings_Thank_you_Thank_you_115,Greetings_Thank_you_Thank_you_115
Greetings_Thank_you_Thank_you_116,Greetings_Thank_you_Thank_you_116
Interjection_Yes_Yes_001,Interjection_Yes_Yes_001
Interjection_Yes_Yes_002,Interjection_Yes_Yes_002
Interjection_Yes_Yes_003,Interjection_Yes_Yes_003
Interjection_Yes_Yes_004,Interjection_Yes_Yes_004
Interjection_Yes_Yes_005,Interjection_Yes_Yes_005
Interjection_Yes_Yes_006,Interjection_Yes_Yes_006
Months_April_April_001,Months_April_April_001
Months_April_April_002,Months_April_April_002
Months_April_April_003,Months_April_April_003
Months_April_April_004,Months_April_April_004
Months_April_April_005,Months_April_April_005
Months_April_April_006,Months_April_April_006
Months_April_April_007,Months_April_April_007
Months_April_April_008,Months_April_April_008
Months_August_August_001,Months_August_August_001
Months_August_August_002,Months_August_August_002
Months_August_August_003,Months_August_August_003
Months_August_August_004,Months_August_August_004
Months_August_August_005,Months_August_August_005
Months_August_August_006,Months_August_August_006
Months_August_August_007,Months_August_August_007
Months_December_December_001,Months_December_December_001
Months_December_December_002,Months_December_December_002
Months_December_December_003,Months_December_December_003
Months_December_December_004,Months_December_December_004
Months_December_December_005,Months_December_December_005
Months_December_December_006,Months_December_December_006
Months_February_February_001,Months_February_February_001
Months_February_February_002,Months_February_February_002
Months_February_February_003,Months_February_February_003
Months_February_February_004,Months_February_February_004
Months_February_February_005,Months_February_February_005
Months_February_February_006,Months_February_February_006
Months_February_February_007,Months_February_February_007
Months_February_February_008,Months_February_February_008
Months_January_January_001,Months_January_January_001
Months_January_January_002,Months_January_January_002
Months_January_January_003,Months_January_January_003
Months_January_January_004,Months_January_January_004
Months_January_January_005,Months_January_January_005
Months_January_January_006,Months_January_January_006
Months_January_January_007,Months_January_January_007
Months_January_January_008,Months_January_January_008
Months_January_January_009,Months_January_January_009
Months_January_January_010,Months_January_January_010
Months_January_January_011,Months_January_January_011
Months_January_January_012,Months_January_January_012
Months_January_January_013,Months_January_January_013
Months_January_January_014,Months_January_January_014
Months_January_January_015,Months_January_January_015
Months_January_January_016,Months_January_January_016
Months_January_January_017,Months_January_January_017
Months_January_January_018,Months_January_January_018
Months_January_January_019,Months_January_January_019
Months_January_January_020,Months_January_January_020
Months_January_January_021,Months_January_January_021
Months_January_January_022,Months_January_January_022
Months_January_January_023,Months_January_January_023
Months_January_January_024,Months_January_January_024
Months_January_January_025,Months_January_January_025
Months_January_January_026,Months_January_January_026
Months_January_January_027,Months_January_January_027
Months_January_January_028,Months_January_January_028
Months_July_July_001,Months_July_July_001
Months_July_July_002,Months_July_July_002
Months_July_July_003,Months_July_July_003
Months_July_July_004,Months_July_July_004
Months_July_July_005,Months_July_July_005
Months_July_July_006,Months_July_July_006
Months_July_July_007,Months_July_July_007
Months_June_June_001,Months_June_June_001
Months_June_June_002,Months_June_June_002
Months_June_June_003,Months_June_June_003
Months_June_June_004,Months_June_June_004
Months_June_June_005,Months_June_June_005
Months_June_June_006,Months_June_June_006
Months_June_June_007,Months_June_June_007
Months_March_March_001,Months_March_March_001
Months_March_March_002,Months_March_March_002
Months_March_March_003,Months_March_March_003
Months_March_March_004,Months_March_March_004
Months_March_March_005,Months_March_March_005
Months_March_March_006,Months_March_March_006
Months_March_March_007,Months_March_March_007
Months_March_March_008,Months_March_March_008
Months_May_May_001,Months_May_May_001
Months_May_May_002,Months_May_May_002
Months_May_May_003,Months_May_May_003
Months_May_May_004,Months_May_May_004
Months_May_May_005,Months_May_May_005
Months_May_May_006,Months_May_May_006
Months_May_May_007,Months_May_May_007
Months_Month_Month_001,Months_Month_Month_001
Months_Month_Month_002,Months_Month_Month_002
Months_Month_Month_003,Months_Month_Month_003
Months_Month_Month_004,Months_Month_Month_004
Months_Month_Month_005,Months_Month_Month_005
Months_Month_Month_006,Months_Month_Month_006
Months_November_November_001,Months_November_November_001
Months_November_November_002,Months_November_November_002
Months_November_November_003,Months_November_November_003
Months_November_November_004,Months_November_November_004
Months_November_November_005,Months_November_November_005
Months_November_November_006,Months_November_November_006
Months_November_November_007,Months_November_November_007
Months_November_November_008,Months_November_November_008
Months_October_October_001,Months_October_October_001
Months_October_October_002,Months_October_October_002
Months_October_October_003,Months_October_October_003
Months_October_October_004,Months_October_October_004
Months_October_October_005,Months_October_October_005
Months_October_October_006,Months_October_October_006
Months_October_October_007,Months_October_October_007
Months_October_October_008,Months_October_October_008
Months_September_September_001,Months_September_September_001
Months_September_September_002,Months_September_September_002
Months_September_September_003,Months_September_September_003
Months_September_September_004,Months_September_September_004
Months_September_September_005,Months_September_September_005
Months_September_September_006,Months_September_September_006
Months_Year_Year_001,Months_Year_Year_001
Nouns_Article_Article_001,Nouns_Article_Article_001
Nouns_Article_Article_002,Nouns_Article_Article_002
Nouns_Article_Article_003,Nouns_Article_Article_003
Nouns_Article_Article_004,Nouns_Article_Article_004
Nouns_Bag_Bag_001,Nouns_Bag_Bag_001
Nouns_Bag_Bag_002,Nouns_Bag_Bag_002
Nouns_Bag_Bag_003,Nouns_Bag_Bag_003
Nouns_Bag_Bag_004,Nouns_Bag_Bag_004
Nouns_Bag_Bag_005,Nouns_Bag_Bag_005
Nouns_Bag_Bag_006,Nouns_Bag_Bag_006
Nouns_Bag_Bag_007,Nouns_Bag_Bag_007
Nouns_Bag_Bag_008,Nouns_Bag_Bag_008
Nouns_Bag_Bag_009,Nouns_Bag_Bag_009
Nouns_Bag_Bag_010,Nouns_Bag_Bag_010
Nouns_Bag_Bag_011,Nouns_Bag_Bag_011
Nouns_Bag_Bag_012,Nouns_Bag_Bag_012
Nouns_Bag_Bag_013,Nouns_Bag_Bag_013
Nouns_Bag_Bag_014,Nouns_Bag_Bag_014
Nouns_Bed_Bed_001,Nouns_Bed_Bed_001
Nouns_Bed_Bed_002,Nouns_Bed_Bed_002
Nouns_Bed_Bed_003,Nouns_Bed_Bed_003
Nouns_Bed_Bed_004,Nouns_Bed_Bed_004
Nouns_Bed_Bed_005,Nouns_Bed_Bed_005
Nouns_Bed_Bed_006,Nouns_Bed_Bed_006
Nouns_Bed_Bed_007,Nouns_Bed_Bed_007
Nouns_Bed_Bed_008,Nouns_Bed_Bed_008
Nouns_Bed_Bed_009,Nouns_Bed_Bed_009
Nouns_Bed_Bed_010,Nouns_Bed_Bed_010
Nouns_Bed_Bed_011,Nouns_Bed_Bed_011
Nouns_Bed_Bed_012,Nouns_Bed_Bed_012
Nouns_Bed_Bed_013,Nouns_Bed_Bed_013
Nouns_Bed_Bed_014,Nouns_Bed_Bed_014
Nouns_Book_Book_001,Nouns_Book_Book_001
Nouns_Book_Book_002,Nouns_Book_Book_002
Nouns_Book_Book_003,Nouns_Book_Book_003
Nouns_Book_Book_004,Nouns_Book_Book_004
Nouns_Book_Book_005,Nouns_Book_Book_005
Nouns_Book_Book_006,Nouns_Book_Book_006
Nouns_Book_Book_007,Nouns_Book_Book_007
Nouns_Book_Book_008,Nouns_Book_Book_008
Nouns_Book_Book_009,Nouns_Book_Book_009
Nouns_Book_Book_010,Nouns_Book_Book_010
Nouns_Book_Book_011,Nouns_Book_Book_011
Nouns_Book_Book_012,Nouns_Book_Book_012
Nouns_Book_Book_013,Nouns_Book_Book_013
Nouns_Book_Book_014,Nouns_Book_Book_014
Nouns_Book_Book_015,Nouns_Book_Book_015
Nouns_Book_Book_016,Nouns_Book_Book_016
Nouns_Camera_Camera_001,Nouns_Camera_Camera_001
Nouns_Camera_Camera_002,Nouns_Camera_Camera_002
Nouns_Camera_Camera_003,Nouns_Camera_Camera_003
Nouns_Camera_Camera_004,Nouns_Camera_Camera_004
Nouns_Camera_Camera_005,Nouns_Camera_Camera_005
Nouns_Camera_Camera_006,Nouns_Camera_Camera_006
Nouns_Camera_Camera_007,Nouns_Camera_Camera_007
Nouns_Camera_Camera_008,Nouns_Camera_Camera_008
Nouns_Camera_Camera_009,Nouns_Camera_Camera_009
Nouns_Camera_Camera_010,Nouns_Camera_Camera_010
Nouns_Camera_Camera_011,Nouns_Camera_Camera_011
Nouns_Camera_Camera_012,Nouns_Camera_Camera_012
Nouns_Camera_Camera_013,Nouns_Camera_Camera_013
Nouns_Camera_Camera_014,Nouns_Camera_Camera_014
Nouns_Camera_Camera_015,Nouns_Camera_Camera_015
Nouns_Camera_Camera_016,Nouns_Camera_Camera_016
Nouns_Camera_Camera_017,Nouns_Camera_Camera_017
Nouns_Camera_Camera_018,Nouns_Camera_Camera_018
Nouns_Camera_Camera_019,Nouns_Camera_Camera_019
Nouns_Card_Card_001,Nouns_Card_Card_001
Nouns_Card_Card_002,Nouns_Card_Card_002
Nouns_Card_Card_003,Nouns_Card_Card_003
Nouns_Card_Card_004,Nouns_Card_Card_004
Nouns_Card_Card_005,Nouns_Card_Card_005
Nouns_Card_Card_006,Nouns_Card_Card_006
Nouns_Card_Card_007,Nouns_Card_Card_007
Nouns_Card_Card_008,Nouns_Card_Card_008
Nouns_Cat_Cat_001,Nouns_Cat_Cat_001
Nouns_Cat_Cat_002,Nouns_Cat_Cat_002
Nouns_Cat_Cat_003,Nouns_Cat_Cat_003
Nouns_Cat_Cat_004,Nouns_Cat_Cat_004
Nouns_Cat_Cat_005,Nouns_Cat_Cat_005
Nouns_Cat_Cat_006,Nouns_Cat_Cat_006
Nouns_Cat_Cat_007,Nouns_Cat_Cat_007
Nouns_Cat_Cat_008,Nouns_Cat_Cat_008
Nouns_Cat_Cat_009,Nouns_Cat_Cat_009
Nouns_Cat_Cat_010,Nouns_Cat_Cat_010
Nouns_Cat_Cat_011,Nouns_Cat_Cat_011
Nouns_Cat_Cat_012,Nouns_Cat_Cat_012
Nouns_Cat_Cat_013,Nouns_Cat_Cat_013
Nouns_Cat_Cat_014,Nouns_Cat_Cat_014
Nouns_Cat_Cat_015,Nouns_Cat_Cat_015
Nouns_Cat_Cat_016,Nouns_Cat_Cat_016
Nouns_Cat_Cat_017,Nouns_Cat_Cat_017
Nouns_Cat_Cat_018,Nouns_Cat_Cat_018
Nouns_Cat_Cat_019,Nouns_Cat_Cat_019
Nouns_Cat_Cat_020,Nouns_Cat_Cat_020
Nouns_Cat_Cat_021,Nouns_Cat_Cat_021
Nouns_Cat_Cat_022,Nouns_Cat_Cat_022
Nouns_Cat_Cat_023,Nouns_Cat_Cat_023
Nouns_Cat_Cat_024,Nouns_Cat_Cat_024
Nouns_Ceiling_fan_Ceiling_fan_001,Nouns_Ceiling_fan_Ceiling_fan_001
Nouns_Ceiling_fan_Ceiling_fan_002,Nouns_Ceiling_fan_Ceiling_fan_002
Nouns_Ceiling_fan_Ceiling_fan_003,Nouns_Ceiling_fan_Ceiling_fan_003
Nouns_Ceiling_fan_Ceiling_fan_004,Nouns_Ceiling_fan_Ceiling_fan_004
Nouns_Ceiling_fan_Ceiling_fan_005,Nouns_Ceiling_fan_Ceiling_fan_005
Nouns_Ceiling_fan_Ceiling_fan_006,Nouns_Ceiling_fan_Ceiling_fan_006
Nouns_Ceiling_fan_Ceiling_fan_007,Nouns_Ceiling_fan_Ceiling_fan_007
Nouns_Ceiling_fan_Ceiling_fan_008,Nouns_Ceiling_fan_Ceiling_fan_008
Nouns_Ceiling_fan_Ceiling_fan_009,Nouns_Ceiling_fan_Ceiling_fan_009
Nouns_Ceiling_fan_Ceiling_fan_010,Nouns_Ceiling_fan_Ceiling_fan_010
Nouns_Ceiling_fan_Ceiling_fan_011,Nouns_Ceiling_fan_Ceiling_fan_011
Nouns_Ceiling_fan_Ceiling_fan_012,Nouns_Ceiling_fan_Ceiling_fan_012
Nouns_Ceiling_fan_Ceiling_fan_013,Nouns_Ceiling_fan_Ceiling_fan_013
Nouns_Ceiling_fan_Ceiling_fan_014,Nouns_Ceiling_fan_Ceiling_fan_014
Nouns_Ceiling_fan_Ceiling_fan_015,Nouns_Ceiling_fan_Ceiling_fan_015
Nouns_Ceiling_fan_Ceiling_fan_016,Nouns_Ceiling_fan_Ceiling_fan_016
Nouns_Cell_phone_Cell_phone_001,Nouns_Cell_phone_Cell_phone_001
Nouns_Cell_phone_Cell_phone_002,Nouns_Cell_phone_Cell_phone_002
Nouns_Cell_phone_Cell_phone_003,Nouns_Cell_phone_Cell_phone_003
Nouns_Cell_phone_Cell_phone_004,Nouns_Cell_phone_Cell_phone_004
Nouns_Cell_phone_Cell_phone_005,Nouns_Cell_phone_Cell_phone_005
Nouns_Cell_phone_Cell_phone_006,Nouns_Cell_phone_Cell_phone_006
Nouns_Cell_phone_Cell_phone_007,Nouns_Cell_phone_Cell_phone_007
Nouns_Cell_phone_Cell_phone_008,Nouns_Cell_phone_Cell_phone_008
Nouns_Cell_phone_Cell_phone_009,Nouns_Cell_phone_Cell_phone_009
Nouns_Cell_phone_Cell_phone_010,Nouns_Cell_phone_Cell_phone_010
Nouns_Cell_phone_Cell_phone_011,Nouns_Cell_phone_Cell_phone_011
Nouns_Cell_phone_Cell_phone_012,Nouns_Cell_phone_Cell_phone_012
Nouns_Cell_phone_Cell_phone_013,Nouns_Cell_phone_Cell_phone_013
Nouns_Cell_phone_Cell_phone_014,Nouns_Cell_phone_Cell_phone_014
Nouns_Chain_Chain_001,Nouns_Chain_Chain_001
Nouns_Children_Children_001,Nouns_Children_Children_001
Nouns_Children_Children_002,Nouns_Children_Children_002
Nouns_Children_Children_003,Nouns_Children_Children_003
Nouns_Children_Children_004,Nouns_Children_Children_004
Nouns_Children_Children_005,Nouns_Children_Children_005
Nouns_Children_Children_006,Nouns_Children_Children_006
Nouns_Children_Children_007,Nouns_Children_Children_007
Nouns_Choice_Choice_001,Nouns_Choice_Choice_001
Nouns_Choice_Choice_002,Nouns_Choice_Choice_002
Nouns_Choice_Choice_003,Nouns_Choice_Choice_003
Nouns_Choice_Choice_004,Nouns_Choice_Choice_004
Nouns_Choice_Choice_005,Nouns_Choice_Choice_005
Nouns_Choice_Choice_006,Nouns_Choice_Choice_006
Nouns_Choice_Choice_007,Nouns_Choice_Choice_007
Nouns_Choice_Choice_008,Nouns_Choice_Choice_008
Nouns_Clothing_Clothing_001,Nouns_Clothing_Clothing_001
Nouns_Clothing_Clothing_002,Nouns_Clothing_Clothing_002
Nouns_Clothing_Clothing_003,Nouns_Clothing_Clothing_003
Nouns_Clothing_Clothing_004,Nouns_Clothing_Clothing_004
Nouns_Clothing_Clothing_005,Nouns_Clothing_Clothing_005
Nouns_Clothing_Clothing_006,Nouns_Clothing_Clothing_006
Nouns_Clothing_Clothing_007,Nouns_Clothing_Clothing_007
Nouns_Clothing_Clothing_008,Nouns_Clothing_Clothing_008
Nouns_Clothing_Clothing_009,Nouns_Clothing_Clothing_009
Nouns_Clothing_Clothing_010,Nouns_Clothing_Clothing_010
Nouns_Clothing_Clothing_011,Nouns_Clothing_Clothing_011
Nouns_Clothing_Clothing_012,Nouns_Clothing_Clothing_012
Nouns_Clothing_Clothing_013,Nouns_Clothing_Clothing_013
Nouns_Clothing_Clothing_014,Nouns_Clothing_Clothing_014
Nouns_Clothing_Clothing_015,Nouns_Clothing_Clothing_015
Nouns_Clothing_Clothing_016,Nouns_Clothing_Clothing_016
Nouns_Clothing_Clothing_017,Nouns_Clothing_Clothing_017
Nouns_Clothing_Clothing_018,Nouns_Clothing_Clothing_018
Nouns_Clothing_Clothing_019,Nouns_Clothing_Clothing_019
Nouns_Clothing_Clothing_020,Nouns_Clothing_Clothing_020
Nouns_Computer_Computer_001,Nouns_Computer_Computer_001
Nouns_Computer_Computer_002,Nouns_Computer_Computer_002
Nouns_Computer_Computer_003,Nouns_Computer_Computer_003
Nouns_Computer_Computer_004,Nouns_Computer_Computer_004
Nouns_Computer_Computer_005,Nouns_Computer_Computer_005
Nouns_Computer_Computer_006,Nouns_Computer_Computer_006
Nouns_Computer_Computer_007,Nouns_Computer_Computer_007
Nouns_Computer_Computer_008,Nouns_Computer_Computer_008
Nouns_Computer_Computer_009,Nouns_Computer_Computer_009
Nouns_Computer_Computer_010,Nouns_Computer_Computer_010
Nouns_Computer_Computer_011,Nouns_Computer_Computer_011
Nouns_Computer_Computer_012,Nouns_Computer_Computer_012
Nouns_Computer_Computer_013,Nouns_Computer_Computer_013
Nouns_Computer_Computer_014,Nouns_Computer_Computer_014
Nouns_Cow_Cow_001,Nouns_Cow_Cow_001
Nouns_Crocodile_Crocodile_001,Nouns_Crocodile_Crocodile_001
Nouns_Crocodile_Crocodile_002,Nouns_Crocodile_Crocodile_002
Nouns_Crocodile_Crocodile_003,Nouns_Crocodile_Crocodile_003
Nouns_Crocodile_Crocodile_004,Nouns_Crocodile_Crocodile_004
Nouns_Crocodile_Crocodile_005,Nouns_Crocodile_Crocodile_005
Nouns_Crocodile_Crocodile_006,Nouns_Crocodile_Crocodile_006
Nouns_Crocodile_Crocodile_007,Nouns_Crocodile_Crocodile_007
Nouns_Crocodile_Crocodile_008,Nouns_Crocodile_Crocodile_008
Nouns_Crocodile_Crocodile_009,Nouns_Crocodile_Crocodile_009
Nouns_Crocodile_Crocodile_010,Nouns_Crocodile_Crocodile_010
Nouns_Crocodile_Crocodile_011,Nouns_Crocodile_Crocodile_011
Nouns_Crocodile_Crocodile_012,Nouns_Crocodile_Crocodile_012
Nouns_Crocodile_Crocodile_013,Nouns_Crocodile_Crocodile_013
Nouns_Crocodile_Crocodile_014,Nouns_Crocodile_Crocodile_014
Nouns_Crocodile_Crocodile_015,Nouns_Crocodile_Crocodile_015
Nouns_Crocodile_Crocodile_016,Nouns_Crocodile_Crocodile_016
Nouns_Crocodile_Crocodile_017,Nouns_Crocodile_Crocodile_017
Nouns_Crocodile_Crocodile_018,Nouns_Crocodile_Crocodile_018
Nouns_Crocodile_Crocodile_019,Nouns_Crocodile_Crocodile_019
Nouns_Crocodile_Crocodile_020,Nouns_Crocodile_Crocodile_020
Nouns_Crocodile_Crocodile_021,Nouns_Crocodile_Crocodile_021
Nouns_Crocodile_Crocodile_022,Nouns_Crocodile_Crocodile_022
Nouns_Culture_Culture_001,Nouns_Culture_Culture_001
Nouns_Culture_Culture_002,Nouns_Culture_Culture_002
Nouns_Culture_Culture_003,Nouns_Culture_Culture_003
Nouns_Culture_Culture_004,Nouns_Culture_Culture_004
Nouns_Door_Door_001,Nouns_Door_Door_001
Nouns_Door_Door_002,Nouns_Door_Door_002
Nouns_Door_Door_003,Nouns_Door_Door_003
Nouns_Door_Door_004,Nouns_Door_Door_004
Nouns_Door_Door_005,Nouns_Door_Door_005
Nouns_Door_Door_006,Nouns_Door_Door_006
Nouns_Door_Door_007,Nouns_Door_Door_007
Nouns_Elephant_Elephant_001,Nouns_Elephant_Elephant_001
Nouns_Elephant_Elephant_002,Nouns_Elephant_Elephant_002
Nouns_Elephant_Elephant_003,Nouns_Elephant_Elephant_003
Nouns_Elephant_Elephant_004,Nouns_Elephant_Elephant_004
Nouns_Elephant_Elephant_005,Nouns_Elephant_Elephant_005
Nouns_Elephant_Elephant_006,Nouns_Elephant_Elephant_006
Nouns_Elephant_Elephant_007,Nouns_Elephant_Elephant_007
Nouns_Elephant_Elephant_008,Nouns_Elephant_Elephant_008
Nouns_Elephant_Elephant_009,Nouns_Elephant_Elephant_009
Nouns_Elephant_Elephant_010,Nouns_Elephant_Elephant_010
Nouns_Elephant_Elephant_011,Nouns_Elephant_Elephant_011
Nouns_Elephant_Elephant_012,Nouns_Elephant_Elephant_012
Nouns_Elephant_Elephant_013,Nouns_Elephant_Elephant_013
Nouns_Elephant_Elephant_014,Nouns_Elephant_Elephant_014
Nouns_Elephant_Elephant_015,Nouns_Elephant_Elephant_015
Nouns_Elephant_Elephant_016,Nouns_Elephant_Elephant_016
Nouns_Elephant_Elephant_017,Nouns_Elephant_Elephant_017
Nouns_Elephant_Elephant_018,Nouns_Elephant_Elephant_018
Nouns_Elephant_Elephant_019,Nouns_Elephant_Elephant_019
Nouns_Elephant_Elephant_020,Nouns_Elephant_Elephant_020
Nouns_Elephant_Elephant_021,Nouns_Elephant_Elephant_021
Nouns_Elephant_Elephant_022,Nouns_Elephant_Elephant_022
Nouns_Elephant_Elephant_023,Nouns_Elephant_Elephant_023
Nouns_Elephant_Elephant_024,Nouns_Elephant_Elephant_024
Nouns_Eyes_Eyes_001,Nouns_Eyes_Eyes_001
Nouns_Eyes_Eyes_002,Nouns_Eyes_Eyes_002
Nouns_Eyes_Eyes_003,Nouns_Eyes_Eyes_003
Nouns_Eyes_Eyes_004,Nouns_Eyes_Eyes_004
Nouns_Eyes_Eyes_005,Nouns_Eyes_Eyes_005
Nouns_Eye_Eye_001,Nouns_Eye_Eye_001
Nouns_Eye_Eye_002,Nouns_Eye_Eye_002
Nouns_Eye_Eye_003,Nouns_Eye_Eye_003
Nouns_Eye_Eye_004,Nouns_Eye_Eye_004
Nouns_Eye_Eye_005,Nouns_Eye_Eye_005
Nouns_Eye_Eye_006,Nouns_Eye_Eye_006
Nouns_Face_Face_001,Nouns_Face_Face_001
Nouns_Face_Face_002,Nouns_Face_Face_002
Nouns_Face_Face_003,Nouns_Face_Face_003
Nouns_Face_Face_004,Nouns_Face_Face_004
Nouns_Face_Face_005,Nouns_Face_Face_005
Nouns_Face_Face_006,Nouns_Face_Face_006
Nouns_Face_Face_007,Nouns_Face_Face_007
Nouns_Face_Face_008,Nouns_Face_Face_008
Nouns_Fever_Fever_001,Nouns_Fever_Fever_001
Nouns_Fever_Fever_002,Nouns_Fever_Fever_002
Nouns_Fever_Fever_003,Nouns_Fever_Fever_003
Nouns_Fever_Fever_004,Nouns_Fever_Fever_004
Nouns_Fever_Fever_005,Nouns_Fever_Fever_005
Nouns_Fever_Fever_006,Nouns_Fever_Fever_006
Nouns_Fever_Fever_007,Nouns_Fever_Fever_007
Nouns_Fever_Fever_008,Nouns_Fever_Fever_008
Nouns_Fever_Fever_009,Nouns_Fever_Fever_009
Nouns_Fever_Fever_010,Nouns_Fever_Fever_010
Nouns_Fever_Fever_011,Nouns_Fever_Fever_011
Nouns_Fever_Fever_012,Nouns_Fever_Fever_012
Nouns_Fever_Fever_013,Nouns_Fever_Fever_013
Nouns_Fever_Fever_014,Nouns_Fever_Fever_014
Nouns_Fever_Fever_015,Nouns_Fever_Fever_015
Nouns_Fever_Fever_016,Nouns_Fever_Fever_016
Nouns_Fever_Fever_017,Nouns_Fever_Fever_017
Nouns_Fever_Fever_018,Nouns_Fever_Fever_018
Nouns_Fever_Fever_019,Nouns_Fever_Fever_019
Nouns_Fever_Fever_020,Nouns_Fever_Fever_020
Nouns_Fever_Fever_021,Nouns_Fever_Fever_021
Nouns_Flower_Flower_001,Nouns_Flower_Flower_001
Nouns_Food_Food_001,Nouns_Food_Food_001
Nouns_Food_Food_002,Nouns_Food_Food_002
Nouns_Food_Food_003,Nouns_Food_Food_003
Nouns_Food_Food_004,Nouns_Food_Food_004
Nouns_Food_Food_005,Nouns_Food_Food_005
Nouns_Food_Food_006,Nouns_Food_Food_006
Nouns_Food_Food_007,Nouns_Food_Food_007
Nouns_Group_Group_001,Nouns_Group_Group_001
Nouns_Group_Group_002,Nouns_Group_Group_002
Nouns_Group_Group_003,Nouns_Group_Group_003
Nouns_Group_Group_004,Nouns_Group_Group_004
Nouns_Group_Group_005,Nouns_Group_Group_005
Nouns_Group_Group_006,Nouns_Group_Group_006
Nouns_Group_Group_007,Nouns_Group_Group_007
Nouns_Group_Group_008,Nouns_Group_Group_008
Nouns_Gun_Gun_001,Nouns_Gun_Gun_001
Nouns_Gun_Gun_002,Nouns_Gun_Gun_002
Nouns_Gun_Gun_003,Nouns_Gun_Gun_003
Nouns_Gun_Gun_004,Nouns_Gun_Gun_004
Nouns_Gun_Gun_005,Nouns_Gun_Gun_005
Nouns_Gun_Gun_006,Nouns_Gun_Gun_006
Nouns_Gun_Gun_007,Nouns_Gun_Gun_007
Nouns_Gun_Gun_008,Nouns_Gun_Gun_008
Nouns_Gun_Gun_009,Nouns_Gun_Gun_009
Nouns_Gun_Gun_010,Nouns_Gun_Gun_010
Nouns_Gun_Gun_011,Nouns_Gun_Gun_011
Nouns_Gun_Gun_012,Nouns_Gun_Gun_012
Nouns_Gun_Gun_013,Nouns_Gun_Gun_013
Nouns_Gun_Gun_014,Nouns_Gun_Gun_014
Nouns_Hat_Hat_001,Nouns_Hat_Hat_001
Nouns_Hat_Hat_002,Nouns_Hat_Hat_002
Nouns_Hat_Hat_003,Nouns_Hat_Hat_003
Nouns_Hat_Hat_004,Nouns_Hat_Hat_004
Nouns_Hat_Hat_005,Nouns_Hat_Hat_005
Nouns_Hat_Hat_006,Nouns_Hat_Hat_006
Nouns_Hat_Hat_007,Nouns_Hat_Hat_007
Nouns_Hat_Hat_008,Nouns_Hat_Hat_008
Nouns_Hat_Hat_009,Nouns_Hat_Hat_009
Nouns_Hat_Hat_010,Nouns_Hat_Hat_010
Nouns_Hat_Hat_011,Nouns_Hat_Hat_011
Nouns_Hat_Hat_012,Nouns_Hat_Hat_012
Nouns_Hat_Hat_013,Nouns_Hat_Hat_013
Nouns_Hat_Hat_014,Nouns_Hat_Hat_014
Nouns_Hat_Hat_015,Nouns_Hat_Hat_015
Nouns_Hat_Hat_016,Nouns_Hat_Hat_016
Nouns_Hat_Hat_017,Nouns_Hat_Hat_017
Nouns_Hat_Hat_018,Nouns_Hat_Hat_018
Nouns_Hat_Hat_019,Nouns_Hat_Hat_019
Nouns_Hat_Hat_020,Nouns_Hat_Hat_020
Nouns_Health_Health_001,Nouns_Health_Health_001
Nouns_Health_Health_002,Nouns_Health_Health_002
Nouns_Health_Health_003,Nouns_Health_Health_003
Nouns_Health_Health_004,Nouns_Health_Health_004
Nouns_Health_Health_005,Nouns_Health_Health_005
Nouns_Health_Health_006,Nouns_Health_Health_006
Nouns_He_He_001,Nouns_He_He_001
Nouns_He_He_002,Nouns_He_He_002
Nouns_He_He_003,Nouns_He_He_003
Nouns_He_He_004,Nouns_He_He_004
Nouns_He_He_005,Nouns_He_He_005
Nouns_He_He_006,Nouns_He_He_006
Nouns_He_He_007,Nouns_He_He_007
Nouns_He_He_008,Nouns_He_He_008
Nouns_He_He_009,Nouns_He_He_009
Nouns_He_He_010,Nouns_He_He_010
Nouns_He_He_011,Nouns_He_He_011
Nouns_He_He_012,Nouns_He_He_012
Nouns_He_He_013,Nouns_He_He_013
Nouns_He_He_014,Nouns_He_He_014
Nouns_He_He_015,Nouns_He_He_015
Nouns_He_He_016,Nouns_He_He_016
Nouns_He_He_017,Nouns_He_He_017
Nouns_He_He_018,Nouns_He_He_018
Nouns_He_He_019,Nouns_He_He_019
Nouns_He_He_020,Nouns_He_He_020
Nouns_He_He_021,Nouns_He_He_021
Nouns_He_He_022,Nouns_He_He_022
Nouns_He_He_023,Nouns_He_He_023
Nouns_Hill_Hill_001,Nouns_Hill_Hill_001
Nouns_Hill_Hill_002,Nouns_Hill_Hill_002
Nouns_Hill_Hill_003,Nouns_Hill_Hill_003
Nouns_How_many_How_many_001,Nouns_How_many_How_many_001
Nouns_How_much_How_much_001,Nouns_How_much_How_much_001
Nouns_How_much_How_much_002,Nouns_How_much_How_much_002
Nouns_Impact_Impact_001,Nouns_Impact_Impact_001
Nouns_Impact_Impact_002,Nouns_Impact_Impact_002
Nouns_Impact_Impact_003,Nouns_Impact_Impact_003
Nouns_Impact_Impact_004,Nouns_Impact_Impact_004
Nouns_Impact_Impact_005,Nouns_Impact_Impact_005
Nouns_Impact_Impact_006,Nouns_Impact_Impact_006
Nouns_Internet_Internet_001,Nouns_Internet_Internet_001
Nouns_Internet_Internet_002,Nouns_Internet_Internet_002
Nouns_Internet_Internet_003,Nouns_Internet_Internet_003
Nouns_Internet_Internet_004,Nouns_Internet_Internet_004
Nouns_Internet_Internet_005,Nouns_Internet_Internet_005
Nouns_Internet_Internet_006,Nouns_Internet_Internet_006
Nouns_Internet_Internet_007,Nouns_Internet_Internet_007
Nouns_Internet_Internet_008,Nouns_Internet_Internet_008
Nouns_I_I_001,Nouns_I_I_001
Nouns_I_I_002,Nouns_I_I_002
Nouns_I_I_003,Nouns_I_I_003
Nouns_I_I_004,Nouns_I_I_004
Nouns_I_I_005,Nouns_I_I_005
Nouns_I_I_006,Nouns_I_I_006
Nouns_I_I_007,Nouns_I_I_007
Nouns_I_I_008,Nouns_I_I_008
Nouns_I_I_009,Nouns_I_I_009
Nouns_I_I_010,Nouns_I_I_010
Nouns_I_I_011,Nouns_I_I_011
Nouns_I_I_012,Nouns_I_I_012
Nouns_I_I_013,Nouns_I_I_013
Nouns_I_I_014,Nouns_I_I_014
Nouns_I_I_015,Nouns_I_I_015
Nouns_I_I_016,Nouns_I_I_016
Nouns_I_I_017,Nouns_I_I_017
Nouns_I_I_018,Nouns_I_I_018
Nouns_I_I_019,Nouns_I_I_019
Nouns_I_I_020,Nouns_I_I_020
Nouns_I_I_021,Nouns_I_I_021
Nouns_I_I_022,Nouns_I_I_022
Nouns_I_I_023,Nouns_I_I_023
Nouns_I_I_024,Nouns_I_I_024
Nouns_I_I_025,Nouns_I_I_025
Nouns_I_I_026,Nouns_I_I_026
Nouns_I_I_027,Nouns_I_I_027
Nouns_I_I_028,Nouns_I_I_028
Nouns_I_I_029,Nouns_I_I_029
Nouns_I_I_030,Nouns_I_I_030
Nouns_I_I_031,Nouns_I_I_031
Nouns_I_I_032,Nouns_I_I_032
Nouns_I_I_033,Nouns_I_I_033
Nouns_I_I_034,Nouns_I_I_034
Nouns_I_I_035,Nouns_I_I_035
Nouns_I_I_036,Nouns_I_I_036
Nouns_I_I_037,Nouns_I_I_037
Nouns_I_I_038,Nouns_I_I_038
Nouns_I_I_039,Nouns_I_I_039
Nouns_Key_Key_001,Nouns_Key_Key_001
Nouns_Key_Key_002,Nouns_Key_Key_002
Nouns_Key_Key_003,Nouns_Key_Key_003
Nouns_Key_Key_004,Nouns_Key_Key_004
Nouns_Key_Key_005,Nouns_Key_Key_005
Nouns_Key_Key_006,Nouns_Key_Key_006
Nouns_Key_Key_007,Nouns_Key_Key_007
Nouns_Key_Key_008,Nouns_Key_Key_008
Nouns_Key_Key_009,Nouns_Key_Key_009
Nouns_Key_Key_010,Nouns_Key_Key_010
Nouns_Key_Key_011,Nouns_Key_Key_011
Nouns_Key_Key_012,Nouns_Key_Key_012
Nouns_Key_Key_013,Nouns_Key_Key_013
Nouns_Key_Key_014,Nouns_Key_Key_014
Nouns_Laptop_Laptop_001,Nouns_Laptop_Laptop_001
Nouns_Laptop_Laptop_002,Nouns_Laptop_Laptop_002
Nouns_Laptop_Laptop_003,Nouns_Laptop_Laptop_003
Nouns_Laptop_Laptop_004,Nouns_Laptop_Laptop_004
Nouns_Laptop_Laptop_005,Nouns_Laptop_Laptop_005
Nouns_Laptop_Laptop_006,Nouns_Laptop_Laptop_006
Nouns_Laptop_Laptop_007,Nouns_Laptop_Laptop_007
Nouns_Laptop_Laptop_008,Nouns_Laptop_Laptop_008
Nouns_Laptop_Laptop_009,Nouns_Laptop_Laptop_009
Nouns_Laptop_Laptop_010,Nouns_Laptop_Laptop_010
Nouns_Laptop_Laptop_011,Nouns_Laptop_Laptop_011
Nouns_Laptop_Laptop_012,Nouns_Laptop_Laptop_012
Nouns_Laptop_Laptop_013,Nouns_Laptop_Laptop_013
Nouns_Laptop_Laptop_014,Nouns_Laptop_Laptop_014
Nouns_List_List_001,Nouns_List_List_001
Nouns_List_List_002,Nouns_List_List_002
Nouns_List_List_003,Nouns_List_List_003
Nouns_List_List_004,Nouns_List_List_004
Nouns_List_List_005,Nouns_List_List_005
Nouns_List_List_006,Nouns_List_List_006
Nouns_List_List_007,Nouns_List_List_007
Nouns_List_List_008,Nouns_List_List_008
Nouns_List_List_009,Nouns_List_List_009
Nouns_Lock_Lock_001,Nouns_Lock_Lock_001
Nouns_Lock_Lock_002,Nouns_Lock_Lock_002
Nouns_Lock_Lock_003,Nouns_Lock_Lock_003
Nouns_Lock_Lock_004,Nouns_Lock_Lock_004
Nouns_Lock_Lock_005,Nouns_Lock_Lock_005
Nouns_Lock_Lock_006,Nouns_Lock_Lock_006
Nouns_Lock_Lock_007,Nouns_Lock_Lock_007
Nouns_Lock_Lock_008,Nouns_Lock_Lock_008
Nouns_Lock_Lock_009,Nouns_Lock_Lock_009
Nouns_Lock_Lock_010,Nouns_Lock_Lock_010
Nouns_Lock_Lock_011,Nouns_Lock_Lock_011
Nouns_Lock_Lock_012,Nouns_Lock_Lock_012
Nouns_Lock_Lock_013,Nouns_Lock_Lock_013
Nouns_Lock_Lock_014,Nouns_Lock_Lock_014
Nouns_Middle_Middle_001,Nouns_Middle_Middle_001
Nouns_Middle_Middle_002,Nouns_Middle_Middle_002
Nouns_Middle_Middle_003,Nouns_Middle_Middle_003
Nouns_Middle_Middle_004,Nouns_Middle_Middle_004
Nouns_Middle_Middle_005,Nouns_Middle_Middle_005
Nouns_Middle_Middle_006,Nouns_Middle_Middle_006
Nouns_Middle_Middle_007,Nouns_Middle_Middle_007
Nouns_Milk_Milk_001,Nouns_Milk_Milk_001
Nouns_Mind_Mind_001,Nouns_Mind_Mind_001
Nouns_Mind_Mind_002,Nouns_Mind_Mind_002
Nouns_Mind_Mind_003,Nouns_Mind_Mind_003
Nouns_Mind_Mind_004,Nouns_Mind_Mind_004
Nouns_Mind_Mind_005,Nouns_Mind_Mind_005
Nouns_Money_Money_001,Nouns_Money_Money_001
Nouns_Money_Money_002,Nouns_Money_Money_002
Nouns_Money_Money_003,Nouns_Money_Money_003
Nouns_Money_Money_004,Nouns_Money_Money_004
Nouns_Money_Money_005,Nouns_Money_Money_005
Nouns_Money_Money_006,Nouns_Money_Money_006
Nouns_Money_Money_007,Nouns_Money_Money_007
Nouns_Money_Money_008,Nouns_Money_Money_008
Nouns_Money_Money_009,Nouns_Money_Money_009
Nouns_Money_Money_010,Nouns_Money_Money_010
Nouns_Money_Money_011,Nouns_Money_Money_011
Nouns_Money_Money_012,Nouns_Money_Money_012
Nouns_Money_Money_013,Nouns_Money_Money_013
Nouns_Money_Money_014,Nouns_Money_Money_014
Nouns_Money_Money_015,Nouns_Money_Money_015
Nouns_Money_Money_016,Nouns_Money_Money_016
Nouns_Money_Money_017,Nouns_Money_Money_017
Nouns_Money_Money_018,Nouns_Money_Money_018
Nouns_Money_Money_019,Nouns_Money_Money_019
Nouns_Money_Money_020,Nouns_Money_Money_020
Nouns_Money_Money_021,Nouns_Money_Money_021
Nouns_Money_Money_022,Nouns_Money_Money_022
Nouns_Money_Money_023,Nouns_Money_Money_023
Nouns_Money_Money_024,Nouns_Money_Money_024
Nouns_Money_Money_025,Nouns_Money_Money_025
Nouns_Money_Money_026,Nouns_Money_Money_026
Nouns_Money_Money_027,Nouns_Money_Money_027
Nouns_Money_Money_028,Nouns_Money_Money_028
Nouns_Money_Money_029,Nouns_Money_Money_029
Nouns_Money_Money_030,Nouns_Money_Money_030
Nouns_Money_Money_031,Nouns_Money_Money_031
Nouns_Money_Money_032,Nouns_Money_Money_032
Nouns_Money_Money_033,Nouns_Money_Money_033
Nouns_Money_Money_034,Nouns_Money_Money_034
Nouns_Money_Money_035,Nouns_Money_Money_035
Nouns_Money_Money_036,Nouns_Money_Money_036
Nouns_Money_Money_037,Nouns_Money_Money_037
Nouns_Money_Money_038,Nouns_Money_Money_038
Nouns_Moon_Moon_001,Nouns_Moon_Moon_001
Nouns_Movie_Movie_001,Nouns_Movie_Movie_001
Nouns_Movie_Movie_002,Nouns_Movie_Movie_002
Nouns_Movie_Movie_003,Nouns_Movie_Movie_003
Nouns_Movie_Movie_004,Nouns_Movie_Movie_004
Nouns_Movie_Movie_005,Nouns_Movie_Movie_005
Nouns_My_My_001,Nouns_My_My_001
Nouns_My_My_002,Nouns_My_My_002
Nouns_My_My_003,Nouns_My_My_003
Nouns_My_My_004,Nouns_My_My_004
Nouns_My_My_005,Nouns_My_My_005
Nouns_My_My_006,Nouns_My_My_006
Nouns_My_My_007,Nouns_My_My_007
Nouns_My_My_008,Nouns_My_My_008
Nouns_My_My_009,Nouns_My_My_009
Nouns_My_My_010,Nouns_My_My_010
Nouns_My_My_011,Nouns_My_My_011
Nouns_My_My_012,Nouns_My_My_012
Nouns_My_My_013,Nouns_My_My_013
Nouns_My_My_014,Nouns_My_My_014
Nouns_My_My_015,Nouns_My_My_015
Nouns_My_My_016,Nouns_My_My_016
Nouns_My_My_017,Nouns_My_My_017
Nouns_My_My_018,Nouns_My_My_018
Nouns_My_My_019,Nouns_My_My_019
Nouns_My_My_020,Nouns_My_My_020
Nouns_My_My_021,Nouns_My_My_021
Nouns_My_My_022,Nouns_My_My_022
Nouns_My_My_023,Nouns_My_My_023
Nouns_My_My_024,Nouns_My_My_024
Nouns_My_My_025,Nouns_My_My_025
Nouns_My_My_026,Nouns_My_My_026
Nouns_Network_Network_001,Nouns_Network_Network_001
Nouns_Network_Network_002,Nouns_Network_Network_002
Nouns_Network_Network_003,Nouns_Network_Network_003
Nouns_Network_Network_004,Nouns_Network_Network_004
Nouns_Network_Network_005,Nouns_Network_Network_005
Nouns_Network_Network_006,Nouns_Network_Network_006
Nouns_None_None_001,Nouns_None_None_001
Nouns_None_None_002,Nouns_None_None_002
Nouns_None_None_003,Nouns_None_None_003
Nouns_None_None_004,Nouns_None_None_004
Nouns_None_None_005,Nouns_None_None_005
Nouns_None_None_006,Nouns_None_None_006
Nouns_None_None_007,Nouns_None_None_007
Nouns_Ok_Ok_001,Nouns_Ok_Ok_001
Nouns_Ok_Ok_002,Nouns_Ok_Ok_002
Nouns_Ok_Ok_003,Nouns_Ok_Ok_003
Nouns_Ok_Ok_004,Nouns_Ok_Ok_004
Nouns_Ok_Ok_005,Nouns_Ok_Ok_005
Nouns_Ok_Ok_006,Nouns_Ok_Ok_006
Nouns_Ok_Ok_007,Nouns_Ok_Ok_007
Nouns_Ok_Ok_008,Nouns_Ok_Ok_008
Nouns_Our_Our_001,Nouns_Our_Our_001
Nouns_Our_Our_002,Nouns_Our_Our_002
Nouns_Our_Our_003,Nouns_Our_Our_003
Nouns_Our_Our_004,Nouns_Our_Our_004
Nouns_Paint_Paint_001,Nouns_Paint_Paint_001
Nouns_Paint_Paint_002,Nouns_Paint_Paint_002
Nouns_Paint_Paint_003,Nouns_Paint_Paint_003
Nouns_Paint_Paint_004,Nouns_Paint_Paint_004
Nouns_Paint_Paint_005,Nouns_Paint_Paint_005
Nouns_Paint_Paint_006,Nouns_Paint_Paint_006
Nouns_Paint_Paint_007,Nouns_Paint_Paint_007
Nouns_Paint_Paint_008,Nouns_Paint_Paint_008
Nouns_Paint_Paint_009,Nouns_Paint_Paint_009
Nouns_Paint_Paint_010,Nouns_Paint_Paint_010
Nouns_Paint_Paint_011,Nouns_Paint_Paint_011
Nouns_Paint_Paint_012,Nouns_Paint_Paint_012
Nouns_Paint_Paint_013,Nouns_Paint_Paint_013
Nouns_Paint_Paint_014,Nouns_Paint_Paint_014
Nouns_Paint_Paint_015,Nouns_Paint_Paint_015
Nouns_Paint_Paint_016,Nouns_Paint_Paint_016
Nouns_Paint_Paint_017,Nouns_Paint_Paint_017
Nouns_Paint_Paint_018,Nouns_Paint_Paint_018
Nouns_Paint_Paint_019,Nouns_Paint_Paint_019
Nouns_Paint_Paint_020,Nouns_Paint_Paint_020
Nouns_Paint_Paint_021,Nouns_Paint_Paint_021
Nouns_Part_Part_001,Nouns_Part_Part_001
Nouns_Part_Part_002,Nouns_Part_Part_002
Nouns_Part_Part_003,Nouns_Part_Part_003
Nouns_Part_Part_004,Nouns_Part_Part_004
Nouns_Path_Path_001,Nouns_Path_Path_001
Nouns_Path_Path_002,Nouns_Path_Path_002
Nouns_Path_Path_003,Nouns_Path_Path_003
Nouns_Path_Path_004,Nouns_Path_Path_004
Nouns_Path_Path_005,Nouns_Path_Path_005
Nouns_Path_Path_006,Nouns_Path_Path_006
Nouns_Peace_Peace_001,Nouns_Peace_Peace_001
Nouns_Peace_Peace_002,Nouns_Peace_Peace_002
Nouns_Peace_Peace_003,Nouns_Peace_Peace_003
Nouns_Peace_Peace_004,Nouns_Peace_Peace_004
Nouns_Pencil_Pencil_001,Nouns_Pencil_Pencil_001
Nouns_Pencil_Pencil_002,Nouns_Pencil_Pencil_002
Nouns_Pencil_Pencil_003,Nouns_Pencil_Pencil_003
Nouns_Pencil_Pencil_004,Nouns_Pencil_Pencil_004
Nouns_Pencil_Pencil_005,Nouns_Pencil_Pencil_005
Nouns_Pencil_Pencil_006,Nouns_Pencil_Pencil_006
Nouns_Pencil_Pencil_007,Nouns_Pencil_Pencil_007
Nouns_Pencil_Pencil_008,Nouns_Pencil_Pencil_008
Nouns_Pencil_Pencil_009,Nouns_Pencil_Pencil_009
Nouns_Pencil_Pencil_010,Nouns_Pencil_Pencil_010
Nouns_Pencil_Pencil_011,Nouns_Pencil_Pencil_011
Nouns_Pencil_Pencil_012,Nouns_Pencil_Pencil_012
Nouns_Pencil_Pencil_013,Nouns_Pencil_Pencil_013
Nouns_Pencil_Pencil_014,Nouns_Pencil_Pencil_014
Nouns_Phone_Phone_001,Nouns_Phone_Phone_001
Nouns_Phone_Phone_002,Nouns_Phone_Phone_002
Nouns_Phone_Phone_003,Nouns_Phone_Phone_003
Nouns_Phone_Phone_004,Nouns_Phone_Phone_004
Nouns_Phone_Phone_005,Nouns_Phone_Phone_005
Nouns_Pocket_Pocket_001,Nouns_Pocket_Pocket_001
Nouns_Pocket_Pocket_002,Nouns_Pocket_Pocket_002
Nouns_Pocket_Pocket_003,Nouns_Pocket_Pocket_003
Nouns_Pocket_Pocket_004,Nouns_Pocket_Pocket_004
Nouns_Pocket_Pocket_005,Nouns_Pocket_Pocket_005
Nouns_Pocket_Pocket_006,Nouns_Pocket_Pocket_006
Nouns_Pocket_Pocket_007,Nouns_Pocket_Pocket_007
Nouns_Pocket_Pocket_008,Nouns_Pocket_Pocket_008
Nouns_Pocket_Pocket_009,Nouns_Pocket_Pocket_009
Nouns_Pocket_Pocket_010,Nouns_Pocket_Pocket_010
Nouns_Pocket_Pocket_011,Nouns_Pocket_Pocket_011
Nouns_Pocket_Pocket_012,Nouns_Pocket_Pocket_012
Nouns_Pocket_Pocket_013,Nouns_Pocket_Pocket_013
Nouns_Pocket_Pocket_014,Nouns_Pocket_Pocket_014
Nouns_Pocket_Pocket_015,Nouns_Pocket_Pocket_015
Nouns_Pocket_Pocket_016,Nouns_Pocket_Pocket_016
Nouns_Pocket_Pocket_017,Nouns_Pocket_Pocket_017
Nouns_Pocket_Pocket_018,Nouns_Pocket_Pocket_018
Nouns_Pocket_Pocket_019,Nouns_Pocket_Pocket_019
Nouns_Pocket_Pocket_020,Nouns_Pocket_Pocket_020
Nouns_Pocket_Pocket_021,Nouns_Pocket_Pocket_021
Nouns_Pocket_Pocket_022,Nouns_Pocket_Pocket_022
Nouns_Point_Point_001,Nouns_Point_Point_001
Nouns_Point_Point_002,Nouns_Point_Point_002
Nouns_Point_Point_003,Nouns_Point_Point_003
Nouns_Point_Point_004,Nouns_Point_Point_004
Nouns_Point_Point_005,Nouns_Point_Point_005
Nouns_Point_Point_006,Nouns_Point_Point_006
Nouns_Point_Point_007,Nouns_Point_Point_007
Nouns_Point_Point_008,Nouns_Point_Point_008
Nouns_Point_Point_009,Nouns_Point_Point_009
Nouns_Point_Point_010,Nouns_Point_Point_010
Nouns_Point_Point_011,Nouns_Point_Point_011
Nouns_Problem_Problem_001,Nouns_Problem_Problem_001
Nouns_Problem_Problem_002,Nouns_Problem_Problem_002
Nouns_Problem_Problem_003,Nouns_Problem_Problem_003
Nouns_Problem_Problem_004,Nouns_Problem_Problem_004
Nouns_Problem_Problem_005,Nouns_Problem_Problem_005
Nouns_Problem_Problem_006,Nouns_Problem_Problem_006
Nouns_Problem_Problem_007,Nouns_Problem_Problem_007
Nouns_Problem_Problem_008,Nouns_Problem_Problem_008
Nouns_Problem_Problem_009,Nouns_Problem_Problem_009
Nouns_Radio_Radio_001,Nouns_Radio_Radio_001
Nouns_Radio_Radio_002,Nouns_Radio_Radio_002
Nouns_Radio_Radio_003,Nouns_Radio_Radio_003
Nouns_Radio_Radio_004,Nouns_Radio_Radio_004
Nouns_Radio_Radio_005,Nouns_Radio_Radio_005
Nouns_Radio_Radio_006,Nouns_Radio_Radio_006
Nouns_Radio_Radio_007,Nouns_Radio_Radio_007
Nouns_Radio_Radio_008,Nouns_Radio_Radio_008
Nouns_Radio_Radio_009,Nouns_Radio_Radio_009
Nouns_Radio_Radio_010,Nouns_Radio_Radio_010
Nouns_Radio_Radio_011,Nouns_Radio_Radio_011
Nouns_Radio_Radio_012,Nouns_Radio_Radio_012
Nouns_Radio_Radio_013,Nouns_Radio_Radio_013
Nouns_Radio_Radio_014,Nouns_Radio_Radio_014
Nouns_Ring_Ring_001,Nouns_Ring_Ring_001
Nouns_Ring_Ring_002,Nouns_Ring_Ring_002
Nouns_Ring_Ring_003,Nouns_Ring_Ring_003
Nouns_Ring_Ring_004,Nouns_Ring_Ring_004
Nouns_Ring_Ring_005,Nouns_Ring_Ring_005
Nouns_Ring_Ring_006,Nouns_Ring_Ring_006
Nouns_Ring_Ring_007,Nouns_Ring_Ring_007
Nouns_Ring_Ring_008,Nouns_Ring_Ring_008
Nouns_Ring_Ring_009,Nouns_Ring_Ring_009
Nouns_Ring_Ring_010,Nouns_Ring_Ring_010
Nouns_Ring_Ring_011,Nouns_Ring_Ring_011
Nouns_Ring_Ring_012,Nouns_Ring_Ring_012
Nouns_Ring_Ring_013,Nouns_Ring_Ring_013
Nouns_Ring_Ring_014,Nouns_Ring_Ring_014
Nouns_Ring_Ring_015,Nouns_Ring_Ring_015
Nouns_Ring_Ring_016,Nouns_Ring_Ring_016
Nouns_Ring_Ring_017,Nouns_Ring_Ring_017
Nouns_Ring_Ring_018,Nouns_Ring_Ring_018
Nouns_Ring_Ring_019,Nouns_Ring_Ring_019
Nouns_Ring_Ring_020,Nouns_Ring_Ring_020
Nouns_Sand_Sand_001,Nouns_Sand_Sand_001
Nouns_Sand_Sand_002,Nouns_Sand_Sand_002
Nouns_Saree_Saree_001,Nouns_Saree_Saree_001
Nouns_Shirt_Shirt_001,Nouns_Shirt_Shirt_001
Nouns_Shirt_Shirt_002,Nouns_Shirt_Shirt_002
Nouns_Shirt_Shirt_003,Nouns_Shirt_Shirt_003
Nouns_Shirt_Shirt_004,Nouns_Shirt_Shirt_004
Nouns_Shirt_Shirt_005,Nouns_Shirt_Shirt_005
Nouns_Shirt_Shirt_006,Nouns_Shirt_Shirt_006
Nouns_Shirt_Shirt_007,Nouns_Shirt_Shirt_007
Nouns_Shirt_Shirt_008,Nouns_Shirt_Shirt_008
Nouns_Shirt_Shirt_009,Nouns_Shirt_Shirt_009
Nouns_Shirt_Shirt_010,Nouns_Shirt_Shirt_010
Nouns_Shirt_Shirt_011,Nouns_Shirt_Shirt_011
Nouns_Shirt_Shirt_012,Nouns_Shirt_Shirt_012
Nouns_Shirt_Shirt_013,Nouns_Shirt_Shirt_013
Nouns_Shirt_Shirt_014,Nouns_Shirt_Shirt_014
Nouns_Shirt_Shirt_015,Nouns_Shirt_Shirt_015
Nouns_Shirt_Shirt_016,Nouns_Shirt_Shirt_016
Nouns_Shirt_Shirt_017,Nouns_Shirt_Shirt_017
Nouns_Shirt_Shirt_018,Nouns_Shirt_Shirt_018
Nouns_Shirt_Shirt_019,Nouns_Shirt_Shirt_019
Nouns_Shirt_Shirt_020,Nouns_Shirt_Shirt_020
Nouns_Sign_language_Sign_language_001,Nouns_Sign_language_Sign_language_001
Nouns_Sign_Sign_001,Nouns_Sign_Sign_001
Nouns_Sign_Sign_002,Nouns_Sign_Sign_002
Nouns_Sign_Sign_003,Nouns_Sign_Sign_003
Nouns_Sign_Sign_004,Nouns_Sign_Sign_004
Nouns_Sign_Sign_005,Nouns_Sign_Sign_005
Nouns_Sign_Sign_006,Nouns_Sign_Sign_006
Nouns_Sign_Sign_007,Nouns_Sign_Sign_007
Nouns_Sign_Sign_008,Nouns_Sign_Sign_008
Nouns_Sign_Sign_009,Nouns_Sign_Sign_009
Nouns_Skirt_Skirt_001,Nouns_Skirt_Skirt_001
Nouns_Skirt_Skirt_002,Nouns_Skirt_Skirt_002
Nouns_Skirt_Skirt_003,Nouns_Skirt_Skirt_003
Nouns_Skirt_Skirt_004,Nouns_Skirt_Skirt_004
Nouns_Skirt_Skirt_005,Nouns_Skirt_Skirt_005
Nouns_Skirt_Skirt_006,Nouns_Skirt_Skirt_006
Nouns_Skirt_Skirt_007,Nouns_Skirt_Skirt_007
Nouns_Skirt_Skirt_008,Nouns_Skirt_Skirt_008
Nouns_Skirt_Skirt_009,Nouns_Skirt_Skirt_009
Nouns_Skirt_Skirt_010,Nouns_Skirt_Skirt_010
Nouns_Skirt_Skirt_011,Nouns_Skirt_Skirt_011
Nouns_Skirt_Skirt_012,Nouns_Skirt_Skirt_012
Nouns_Skirt_Skirt_013,Nouns_Skirt_Skirt_013
Nouns_Skirt_Skirt_014,Nouns_Skirt_Skirt_014
Nouns_Skirt_Skirt_015,Nouns_Skirt_Skirt_015
Nouns_Skirt_Skirt_016,Nouns_Skirt_Skirt_016
Nouns_Skirt_Skirt_017,Nouns_Skirt_Skirt_017
Nouns_Skirt_Skirt_018,Nouns_Skirt_Skirt_018
Nouns_Skirt_Skirt_019,Nouns_Skirt_Skirt_019
Nouns_Skirt_Skirt_020,Nouns_Skirt_Skirt_020
Nouns_Skirt_Skirt_021,Nouns_Skirt_Skirt_021
Nouns_Society_Society_001,Nouns_Society_Society_001
Nouns_Society_Society_002,Nouns_Society_Society_002
Nouns_Society_Society_003,Nouns_Society_Society_003
Nouns_Society_Society_004,Nouns_Society_Society_004
Nouns_Society_Society_005,Nouns_Society_Society_005
Nouns_Song_Song_001,Nouns_Song_Song_001
Nouns_Squirrel_Squirrel_001,Nouns_Squirrel_Squirrel_001
Nouns_Squirrel_Squirrel_002,Nouns_Squirrel_Squirrel_002
Nouns_Squirrel_Squirrel_003,Nouns_Squirrel_Squirrel_003
Nouns_Squirrel_Squirrel_004,Nouns_Squirrel_Squirrel_004
Nouns_Squirrel_Squirrel_005,Nouns_Squirrel_Squirrel_005
Nouns_Squirrel_Squirrel_006,Nouns_Squirrel_Squirrel_006
Nouns_Squirrel_Squirrel_007,Nouns_Squirrel_Squirrel_007
Nouns_Squirrel_Squirrel_008,Nouns_Squirrel_Squirrel_008
Nouns_Squirrel_Squirrel_009,Nouns_Squirrel_Squirrel_009
Nouns_Squirrel_Squirrel_010,Nouns_Squirrel_Squirrel_010
Nouns_Squirrel_Squirrel_011,Nouns_Squirrel_Squirrel_011
Nouns_Squirrel_Squirrel_012,Nouns_Squirrel_Squirrel_012
Nouns_Squirrel_Squirrel_013,Nouns_Squirrel_Squirrel_013
Nouns_Squirrel_Squirrel_014,Nouns_Squirrel_Squirrel_014
Nouns_Squirrel_Squirrel_015,Nouns_Squirrel_Squirrel_015
Nouns_Squirrel_Squirrel_016,Nouns_Squirrel_Squirrel_016
Nouns_Squirrel_Squirrel_017,Nouns_Squirrel_Squirrel_017
Nouns_Squirrel_Squirrel_018,Nouns_Squirrel_Squirrel_018
Nouns_Squirrel_Squirrel_019,Nouns_Squirrel_Squirrel_019
Nouns_Squirrel_Squirrel_020,Nouns_Squirrel_Squirrel_020
Nouns_Squirrel_Squirrel_021,Nouns_Squirrel_Squirrel_021
Nouns_Squirrel_Squirrel_022,Nouns_Squirrel_Squirrel_022
Nouns_Squirrel_Squirrel_023,Nouns_Squirrel_Squirrel_023
Nouns_Street_Street_001,Nouns_Street_Street_001
Nouns_Street_Street_002,Nouns_Street_Street_002
Nouns_Street_Street_003,Nouns_Street_Street_003
Nouns_Street_Street_004,Nouns_Street_Street_004
Nouns_Street_Street_005,Nouns_Street_Street_005
Nouns_Street_Street_006,Nouns_Street_Street_006
Nouns_Structure_Structure_001,Nouns_Structure_Structure_001
Nouns_Structure_Structure_002,Nouns_Structure_Structure_002
Nouns_Structure_Structure_003,Nouns_Structure_Structure_003
Nouns_Structure_Structure_004,Nouns_Structure_Structure_004
Nouns_Structure_Structure_005,Nouns_Structure_Structure_005
Nouns_Structure_Structure_006,Nouns_Structure_Structure_006
Nouns_Structure_Structure_007,Nouns_Structure_Structure_007
Nouns_Suit_Suit_001,Nouns_Suit_Suit_001
Nouns_Suit_Suit_002,Nouns_Suit_Suit_002
Nouns_Suit_Suit_003,Nouns_Suit_Suit_003
Nouns_Suit_Suit_004,Nouns_Suit_Suit_004
Nouns_Suit_Suit_005,Nouns_Suit_Suit_005
Nouns_Suit_Suit_006,Nouns_Suit_Suit_006
Nouns_Suit_Suit_007,Nouns_Suit_Suit_007
Nouns_Suit_Suit_008,Nouns_Suit_Suit_008
Nouns_Suit_Suit_009,Nouns_Suit_Suit_009
Nouns_Suit_Suit_010,Nouns_Suit_Suit_010
Nouns_Suit_Suit_011,Nouns_Suit_Suit_011
Nouns_Suit_Suit_012,Nouns_Suit_Suit_012
Nouns_Suit_Suit_013,Nouns_Suit_Suit_013
Nouns_Suit_Suit_014,Nouns_Suit_Suit_014
Nouns_Suit_Suit_015,Nouns_Suit_Suit_015
Nouns_Suit_Suit_016,Nouns_Suit_Suit_016
Nouns_Suit_Suit_017,Nouns_Suit_Suit_017
Nouns_Suit_Suit_018,Nouns_Suit_Suit_018
Nouns_Suit_Suit_019,Nouns_Suit_Suit_019
Nouns_Table_Table_001,Nouns_Table_Table_001
Nouns_Table_Table_002,Nouns_Table_Table_002
Nouns_Table_Table_003,Nouns_Table_Table_003
Nouns_Table_Table_004,Nouns_Table_Table_004
Nouns_Table_Table_005,Nouns_Table_Table_005
Nouns_Table_Table_006,Nouns_Table_Table_006
Nouns_Table_Table_007,Nouns_Table_Table_007
Nouns_Table_Table_008,Nouns_Table_Table_008
Nouns_Table_Table_009,Nouns_Table_Table_009
Nouns_Table_Table_010,Nouns_Table_Table_010
Nouns_Table_Table_011,Nouns_Table_Table_011
Nouns_Table_Table_012,Nouns_Table_Table_012
Nouns_Table_Table_013,Nouns_Table_Table_013
Nouns_Table_Table_014,Nouns_Table_Table_014
Nouns_Table_Table_015,Nouns_Table_Table_015
Nouns_Team_Team_001,Nouns_Team_Team_001
Nouns_Team_Team_002,Nouns_Team_Team_002
Nouns_Team_Team_003,Nouns_Team_Team_003
Nouns_Team_Team_004,Nouns_Team_Team_004
Nouns_Team_Team_005,Nouns_Team_Team_005
Nouns_Team_Team_006,Nouns_Team_Team_006
Nouns_Tea_Tea_001,Nouns_Tea_Tea_001
Nouns_Technology_Technology_001,Nouns_Technology_Technology_001
Nouns_Technology_Technology_002,Nouns_Technology_Technology_002
Nouns_Technology_Technology_003,Nouns_Technology_Technology_003
Nouns_Technology_Technology_004,Nouns_Technology_Technology_004
Nouns_Technology_Technology_005,Nouns_Technology_Technology_005
Nouns_Technology_Technology_006,Nouns_Technology_Technology_006
Nouns_Technology_Technology_007,Nouns_Technology_Technology_007
Nouns_Technology_Technology_008,Nouns_Technology_Technology_008
Nouns_Technology_Technology_009,Nouns_Technology_Technology_009
Nouns_Technology_Technology_010,Nouns_Technology_Technology_010
Nouns_Technology_Technology_011,Nouns_Technology_Technology_011
Nouns_Technology_Technology_012,Nouns_Technology_Technology_012
Nouns_Technology_Technology_013,Nouns_Technology_Technology_013
Nouns_Technology_Technology_014,Nouns_Technology_Technology_014
Nouns_Technology_Technology_015,Nouns_Technology_Technology_015
Nouns_Technology_Technology_016,Nouns_Technology_Technology_016
Nouns_Technology_Technology_017,Nouns_Technology_Technology_017
Nouns_Technology_Technology_018,Nouns_Technology_Technology_018
Nouns_Technology_Technology_019,Nouns_Technology_Technology_019
Nouns_Technology_Technology_020,Nouns_Technology_Technology_020
Nouns_Telephone_Telephone_001,Nouns_Telephone_Telephone_001
Nouns_Telephone_Telephone_002,Nouns_Telephone_Telephone_002
Nouns_Telephone_Telephone_003,Nouns_Telephone_Telephone_003
Nouns_Telephone_Telephone_004,Nouns_Telephone_Telephone_004
Nouns_Telephone_Telephone_005,Nouns_Telephone_Telephone_005
Nouns_Telephone_Telephone_006,Nouns_Telephone_Telephone_006
Nouns_Telephone_Telephone_007,Nouns_Telephone_Telephone_007
Nouns_Telephone_Telephone_008,Nouns_Telephone_Telephone_008
Nouns_Telephone_Telephone_009,Nouns_Telephone_Telephone_009
Nouns_Telephone_Telephone_010,Nouns_Telephone_Telephone_010
Nouns_Telephone_Telephone_011,Nouns_Telephone_Telephone_011
Nouns_Telephone_Telephone_012,Nouns_Telephone_Telephone_012
Nouns_Telephone_Telephone_013,Nouns_Telephone_Telephone_013
Nouns_Telephone_Telephone_014,Nouns_Telephone_Telephone_014
Nouns_Telephone_Telephone_015,Nouns_Telephone_Telephone_015
Nouns_Telephone_Telephone_016,Nouns_Telephone_Telephone_016
Nouns_Telephone_Telephone_017,Nouns_Telephone_Telephone_017
Nouns_Telephone_Telephone_018,Nouns_Telephone_Telephone_018
Nouns_Telephone_Telephone_019,Nouns_Telephone_Telephone_019
Nouns_Telephone_Telephone_020,Nouns_Telephone_Telephone_020
Nouns_They_They_001,Nouns_They_They_001
Nouns_They_They_002,Nouns_They_They_002
Nouns_They_They_003,Nouns_They_They_003
Nouns_They_They_004,Nouns_They_They_004
Nouns_They_They_005,Nouns_They_They_005
Nouns_Tree_Tree_001,Nouns_Tree_Tree_001
Nouns_Weather_Weather_001,Nouns_Weather_Weather_001
Nouns_Weather_Weather_002,Nouns_Weather_Weather_002
Nouns_Weather_Weather_003,Nouns_Weather_Weather_003
Nouns_Weather_Weather_004,Nouns_Weather_Weather_004
Nouns_Weather_Weather_005,Nouns_Weather_Weather_005
Nouns_Weather_Weather_006,Nouns_Weather_Weather_006
Nouns_Weather_Weather_007,Nouns_Weather_Weather_007
Nouns_Weather_Weather_008,Nouns_Weather_Weather_008
Nouns_Whom_Whom_001,Nouns_Whom_Whom_001
Nouns_Whom_Whom_002,Nouns_Whom_Whom_002
Nouns_Whom_Whom_003,Nouns_Whom_Whom_003
Nouns_Whose_Whose_001,Nouns_Whose_Whose_001
Nouns_Who_Who_001,Nouns_Who_Who_001
Nouns_Who_Who_002,Nouns_Who_Who_002
Nouns_Who_Who_003,Nouns_Who_Who_003
Nouns_Window_Window_001,Nouns_Window_Window_001
Nouns_Window_Window_002,Nouns_Window_Window_002
Nouns_Window_Window_003,Nouns_Window_Window_003
Nouns_Window_Window_004,Nouns_Window_Window_004
Nouns_Window_Window_005,Nouns_Window_Window_005
Nouns_Window_Window_006,Nouns_Window_Window_006
Nouns_Window_Window_007,Nouns_Window_Window_007
Nouns_Window_Window_008,Nouns_Window_Window_008
Nouns_Window_Window_009,Nouns_Window_Window_009
Nouns_Window_Window_010,Nouns_Window_Window_010
Nouns_Window_Window_011,Nouns_Window_Window_011
Nouns_Window_Window_012,Nouns_Window_Window_012
Nouns_Window_Window_013,Nouns_Window_Window_013
Nouns_Window_Window_014,Nouns_Window_Window_014
Nouns_You_You_001,Nouns_You_You_001
Nouns_You_You_002,Nouns_You_You_002
Nouns_You_You_003,Nouns_You_You_003
Nouns_You_You_004,Nouns_You_You_004
Nouns_You_You_005,Nouns_You_You_005
Nouns_You_You_006,Nouns_You_You_006
Nouns_You_You_007,Nouns_You_You_007
Nouns_You_You_008,Nouns_You_You_008
Nouns_You_You_009,Nouns_You_You_009
Nouns_You_You_010,Nouns_You_You_010
Nouns_You_You_011,Nouns_You_You_011
Nouns_You_You_012,Nouns_You_You_012
Nouns_You_You_013,Nouns_You_You_013
Nouns_You_You_014,Nouns_You_You_014
Nouns_You_You_015,Nouns_You_You_015
Nouns_You_You_016,Nouns_You_You_016
Nouns_You_You_017,Nouns_You_You_017
Nouns_You_You_018,Nouns_You_You_018
Nouns_You_You_019,Nouns_You_You_019
Nouns_You_You_020,Nouns_You_You_020
Nouns_You_You_021,Nouns_You_You_021
Nouns_You_You_022,Nouns_You_You_022
Nouns_You_You_023,Nouns_You_You_023
Nouns_You_You_024,Nouns_You_You_024
Nouns_You_You_025,Nouns_You_You_025
Nouns_You_You_026,Nouns_You_You_026
Nouns_You_You_027,Nouns_You_You_027
Nouns_You_You_028,Nouns_You_You_028
Nouns_You_You_029,Nouns_You_You_029
Nouns_You_You_030,Nouns_You_You_030
Nouns_You_You_031,Nouns_You_You_031
Nouns_You_You_032,Nouns_You_You_032
Nouns_You_You_033,Nouns_You_You_033
Nouns_You_You_034,Nouns_You_You_034
Nouns_You_You_035,Nouns_You_You_035
Nouns_You_You_036,Nouns_You_You_036
Nouns_You_You_037,Nouns_You_You_037
Nouns_You_You_038,Nouns_You_You_038
Nouns_You_You_039,Nouns_You_You_039
Nouns_You_You_040,Nouns_You_You_040
Nouns_You_You_041,Nouns_You_You_041
Nouns_You_You_042,Nouns_You_You_042
Nouns_You_You_043,Nouns_You_You_043
Nouns_You_You_044,Nouns_You_You_044
Nouns_You_You_045,Nouns_You_You_045
Nouns_You_You_046,Nouns_You_You_046
Nouns_You_You_047,Nouns_You_You_047
Nouns_You_You_048,Nouns_You_You_048
Nouns_You_You_049,Nouns_You_You_049
Nouns_You_You_050,Nouns_You_You_050
Nouns_You_You_051,Nouns_You_You_051
Nouns_You_You_052,Nouns_You_You_052
Nouns_You_You_053,Nouns_You_You_053
Nouns_You_You_054,Nouns_You_You_054
Nouns_You_You_055,Nouns_You_You_055
Nouns_You_You_056,Nouns_You_You_056
Nouns_You_You_057,Nouns_You_You_057
Nouns_You_You_058,Nouns_You_You_058
Nouns_You_You_059,Nouns_You_You_059
Nouns_You_You_060,Nouns_You_You_060
Nouns_You_You_061,Nouns_You_You_061
Nouns_You_You_062,Nouns_You_You_062
Numbers_1._one_1._one_001,Numbers_1._one_1._one_001
Numbers_1._one_1._one_002,Numbers_1._one_1._one_002
Numbers_1._one_1._one_003,Numbers_1._one_1._one_003
Numbers_1._one_1._one_004,Numbers_1._one_1._one_004
Numbers_1._one_1._one_005,Numbers_1._one_1._one_005
Numbers_1._one_1._one_006,Numbers_1._one_1._one_006
Numbers_1._one_1._one_007,Numbers_1._one_1._one_007
Numbers_1._one_1._one_008,Numbers_1._one_1._one_008
Numbers_1._one_1._one_009,Numbers_1._one_1._one_009
Numbers_1._one_1._one_010,Numbers_1._one_1._one_010
Numbers_1._one_1._one_011,Numbers_1._one_1._one_011
Numbers_1._one_1._one_012,Numbers_1._one_1._one_012
Numbers_1._one_1._one_013,Numbers_1._one_1._one_013
Numbers_1._one_1._one_014,Numbers_1._one_1._one_014
Numbers_1._one_1._one_015,Numbers_1._one_1._one_015
Numbers_1._one_1._one_016,Numbers_1._one_1._one_016
Numbers_1._one_1._one_017,Numbers_1._one_1._one_017
Numbers_1._one_1._one_018,Numbers_1._one_1._one_018
Numbers_1._one_1._one_019,Numbers_1._one_1._one_019
Numbers_1._one_1._one_020,Numbers_1._one_1._one_020
Numbers_10._ten_10._ten_001,Numbers_10._ten_10._ten_001
Numbers_10._ten_10._ten_002,Numbers_10._ten_10._ten_002
Numbers_10._ten_10._ten_003,Numbers_10._ten_10._ten_003
Numbers_11._eleven_11._eleven_001,Numbers_11._eleven_11._eleven_001
Numbers_11._eleven_11._eleven_002,Numbers_11._eleven_11._eleven_002
Numbers_11._eleven_11._eleven_003,Numbers_11._eleven_11._eleven_003
Numbers_12._twelve_12._twelve_001,Numbers_12._twelve_12._twelve_001
Numbers_12._twelve_12._twelve_002,Numbers_12._twelve_12._twelve_002
Numbers_13._thirteen_13._thirteen_001,Numbers_13._thirteen_13._thirteen_001
Numbers_13._thirteen_13._thirteen_002,Numbers_13._thirteen_13._thirteen_002
Numbers_13._thirteen_13._thirteen_003,Numbers_13._thirteen_13._thirteen_003
Numbers_14._fourteen_14._fourteen_001,Numbers_14._fourteen_14._fourteen_001
Numbers_14._fourteen_14._fourteen_002,Numbers_14._fourteen_14._fourteen_002
Numbers_14._fourteen_14._fourteen_003,Numbers_14._fourteen_14._fourteen_003
Numbers_15._fifteen_15._fifteen_001,Numbers_15._fifteen_15._fifteen_001
Numbers_15._fifteen_15._fifteen_002,Numbers_15._fifteen_15._fifteen_002
Numbers_15._fifteen_15._fifteen_003,Numbers_15._fifteen_15._fifteen_003
Numbers_15._fifteen_15._fifteen_004,Numbers_15._fifteen_15._fifteen_004
Numbers_16._sixteen_16._sixteen_001,Numbers_16._sixteen_16._sixteen_001
Numbers_16._sixteen_16._sixteen_002,Numbers_16._sixteen_16._sixteen_002
Numbers_16._sixteen_16._sixteen_003,Numbers_16._sixteen_16._sixteen_003
Numbers_17._seventeen_17._seventeen_001,Numbers_17._seventeen_17._seventeen_001
Numbers_17._seventeen_17._seventeen_002,Numbers_17._seventeen_17._seventeen_002
Numbers_18._eighteen_18._eighteen_001,Numbers_18._eighteen_18._eighteen_001
Numbers_18._eighteen_18._eighteen_002,Numbers_18._eighteen_18._eighteen_002
Numbers_18._eighteen_18._eighteen_003,Numbers_18._eighteen_18._eighteen_003
Numbers_19._nineteen_19._nineteen_001,Numbers_19._nineteen_19._nineteen_001
Numbers_19._nineteen_19._nineteen_002,Numbers_19._nineteen_19._nineteen_002
Numbers_19._nineteen_19._nineteen_003,Numbers_19._nineteen_19._nineteen_003
Numbers_2._two_2._two_001,Numbers_2._two_2._two_001
Numbers_2._two_2._two_002,Numbers_2._two_2._two_002
Numbers_2._two_2._two_003,Numbers_2._two_2._two_003
Numbers_2._two_2._two_004,Numbers_2._two_2._two_004
Numbers_2._two_2._two_005,Numbers_2._two_2._two_005
Numbers_2._two_2._two_006,Numbers_2._two_2._two_006
Numbers_2._two_2._two_007,Numbers_2._two_2._two_007
Numbers_2._two_2._two_008,Numbers_2._two_2._two_008
Numbers_2._two_2._two_009,Numbers_2._two_2._two_009
Numbers_2._two_2._two_010,Numbers_2._two_2._two_010
Numbers_2._two_2._two_011,Numbers_2._two_2._two_011
Numbers_2._two_2._two_012,Numbers_2._two_2._two_012
Numbers_2._two_2._two_013,Numbers_2._two_2._two_013
Numbers_2._two_2._two_014,Numbers_2._two_2._two_014
Numbers_2._two_2._two_015,Numbers_2._two_2._two_015
Numbers_2._two_2._two_016,Numbers_2._two_2._two_016
Numbers_2._two_2._two_017,Numbers_2._two_2._two_017
Numbers_2._two_2._two_018,Numbers_2._two_2._two_018
Numbers_2._two_2._two_019,Numbers_2._two_2._two_019
Numbers_2._two_2._two_020,Numbers_2._two_2._two_020
Numbers_2._two_2._two_021,Numbers_2._two_2._two_021
Numbers_2._two_2._two_022,Numbers_2._two_2._two_022
Numbers_2._two_2._two_023,Numbers_2._two_2._two_023
Numbers_20._twenty_20._twenty_001,Numbers_20._twenty_20._twenty_001
Numbers_20._twenty_20._twenty_002,Numbers_20._twenty_20._twenty_002
Numbers_3._three_3._three_001,Numbers_3._three_3._three_001
Numbers_3._three_3._three_002,Numbers_3._three_3._three_002
Numbers_3._three_3._three_003,Numbers_3._three_3._three_003
Numbers_3._three_3._three_004,Numbers_3._three_3._three_004
Numbers_3._three_3._three_005,Numbers_3._three_3._three_005
Numbers_3._three_3._three_006,Numbers_3._three_3._three_006
Numbers_3._three_3._three_007,Numbers_3._three_3._three_007
Numbers_3._three_3._three_008,Numbers_3._three_3._three_008
Numbers_3._three_3._three_009,Numbers_3._three_3._three_009
Numbers_3._three_3._three_010,Numbers_3._three_3._three_010
Numbers_3._three_3._three_011,Numbers_3._three_3._three_011
Numbers_3._three_3._three_012,Numbers_3._three_3._three_012
Numbers_4._four_4._four_001,Numbers_4._four_4._four_001
Numbers_4._four_4._four_002,Numbers_4._four_4._four_002
Numbers_4._four_4._four_003,Numbers_4._four_4._four_003
Numbers_4._four_4._four_004,Numbers_4._four_4._four_004
Numbers_4._four_4._four_005,Numbers_4._four_4._four_005
Numbers_4._four_4._four_006,Numbers_4._four_4._four_006
Numbers_4._four_4._four_007,Numbers_4._four_4._four_007
Numbers_4._four_4._four_008,Numbers_4._four_4._four_008
Numbers_4._four_4._four_009,Numbers_4._four_4._four_009
Numbers_4._four_4._four_010,Numbers_4._four_4._four_010
Numbers_4._four_4._four_011,Numbers_4._four_4._four_011
Numbers_4._four_4._four_012,Numbers_4._four_4._four_012
Numbers_4._four_4._four_013,Numbers_4._four_4._four_013
Numbers_4._four_4._four_014,Numbers_4._four_4._four_014
Numbers_4._four_4._four_015,Numbers_4._four_4._four_015
Numbers_5._five_5._five_001,Numbers_5._five_5._five_001
Numbers_5._five_5._five_002,Numbers_5._five_5._five_002
Numbers_5._five_5._five_003,Numbers_5._five_5._five_003
Numbers_5._five_5._five_004,Numbers_5._five_5._five_004
Numbers_5._five_5._five_005,Numbers_5._five_5._five_005
Numbers_5._five_5._five_006,Numbers_5._five_5._five_006
Numbers_5._five_5._five_007,Numbers_5._five_5._five_007
Numbers_5._five_5._five_008,Numbers_5._five_5._five_008
Numbers_5._five_5._five_009,Numbers_5._five_5._five_009
Numbers_5._five_5._five_010,Numbers_5._five_5._five_010
Numbers_5._five_5._five_011,Numbers_5._five_5._five_011
Numbers_5._five_5._five_012,Numbers_5._five_5._five_012
Numbers_5._five_5._five_013,Numbers_5._five_5._five_013
Numbers_5._five_5._five_014,Numbers_5._five_5._five_014
Numbers_6._six_6._six_001,Numbers_6._six_6._six_001
Numbers_6._six_6._six_002,Numbers_6._six_6._six_002
Numbers_6._six_6._six_003,Numbers_6._six_6._six_003
Numbers_6._six_6._six_004,Numbers_6._six_6._six_004
Numbers_6._six_6._six_005,Numbers_6._six_6._six_005
Numbers_6._six_6._six_006,Numbers_6._six_6._six_006
Numbers_6._six_6._six_007,Numbers_6._six_6._six_007
Numbers_6._six_6._six_008,Numbers_6._six_6._six_008
Numbers_7._seven_7._seven_001,Numbers_7._seven_7._seven_001
Numbers_7._seven_7._seven_002,Numbers_7._seven_7._seven_002
Numbers_7._seven_7._seven_003,Numbers_7._seven_7._seven_003
Numbers_7._seven_7._seven_004,Numbers_7._seven_7._seven_004
Numbers_8._eight_8._eight_001,Numbers_8._eight_8._eight_001
Numbers_8._eight_8._eight_002,Numbers_8._eight_8._eight_002
Numbers_8._eight_8._eight_003,Numbers_8._eight_8._eight_003
Numbers_8._eight_8._eight_004,Numbers_8._eight_8._eight_004
Numbers_8._eight_8._eight_005,Numbers_8._eight_8._eight_005
Numbers_8._eight_8._eight_006,Numbers_8._eight_8._eight_006
Numbers_8._eight_8._eight_007,Numbers_8._eight_8._eight_007
Numbers_8._eight_8._eight_008,Numbers_8._eight_8._eight_008
Numbers_8._eight_8._eight_009,Numbers_8._eight_8._eight_009
Numbers_8._eight_8._eight_010,Numbers_8._eight_8._eight_010
Numbers_9._nine_9._nine_001,Numbers_9._nine_9._nine_001
Numbers_9._nine_9._nine_002,Numbers_9._nine_9._nine_002
Numbers_9._nine_9._nine_003,Numbers_9._nine_9._nine_003
Numbers_9._nine_9._nine_004,Numbers_9._nine_9._nine_004
Numbers_9._nine_9._nine_005,Numbers_9._nine_9._nine_005
Numbers_Addition_Addition_001,Numbers_Addition_Addition_001
Numbers_Addition_Addition_002,Numbers_Addition_Addition_002
Numbers_Addition_Addition_003,Numbers_Addition_Addition_003
Numbers_Addition_Addition_004,Numbers_Addition_Addition_004
Numbers_Addition_Addition_005,Numbers_Addition_Addition_005
Numbers_Addition_Addition_006,Numbers_Addition_Addition_006
Numbers_Count_Count_001,Numbers_Count_Count_001
Numbers_Count_Count_002,Numbers_Count_Count_002
Numbers_Count_Count_003,Numbers_Count_Count_003
Numbers_Divide_Divide_001,Numbers_Divide_Divide_001
Numbers_Divide_Divide_002,Numbers_Divide_Divide_002
Numbers_Divide_Divide_003,Numbers_Divide_Divide_003
Numbers_Divide_Divide_004,Numbers_Divide_Divide_004
Numbers_Equal_Equal_001,Numbers_Equal_Equal_001
Numbers_Equal_Equal_002,Numbers_Equal_Equal_002
Numbers_Equal_Equal_003,Numbers_Equal_Equal_003
Numbers_Equal_Equal_004,Numbers_Equal_Equal_004
Numbers_Equal_Equal_005,Numbers_Equal_Equal_005
Numbers_Equal_Equal_006,Numbers_Equal_Equal_006
Numbers_Equal_Equal_007,Numbers_Equal_Equal_007
Numbers_Equal_Equal_008,Numbers_Equal_Equal_008
Numbers_Equal_Equal_009,Numbers_Equal_Equal_009
Numbers_Equal_Equal_010,Numbers_Equal_Equal_010
Numbers_Equal_Equal_011,Numbers_Equal_Equal_011
Numbers_Equal_Equal_012,Numbers_Equal_Equal_012
Numbers_Equal_Equal_013,Numbers_Equal_Equal_013
Numbers_Equal_Equal_014,Numbers_Equal_Equal_014
Numbers_Equal_Equal_015,Numbers_Equal_Equal_015
Numbers_Equal_Equal_016,Numbers_Equal_Equal_016
Numbers_Multiplication_Multiplication_001,Numbers_Multiplication_Multiplication_001
Numbers_Multiplication_Multiplication_002,Numbers_Multiplication_Multiplication_002
Numbers_Multiplication_Multiplication_003,Numbers_Multiplication_Multiplication_003
Numbers_Multiplication_Multiplication_004,Numbers_Multiplication_Multiplication_004
Numbers_Subtraction_Subtraction_001,Numbers_Subtraction_Subtraction_001
Numbers_Subtraction_Subtraction_002,Numbers_Subtraction_Subtraction_002
Numbers_Subtraction_Subtraction_003,Numbers_Subtraction_Subtraction_003
Numbers_Subtraction_Subtraction_004,Numbers_Subtraction_Subtraction_004
People_Aunt_Aunt_001,People_Aunt_Aunt_001
People_Aunt_Aunt_002,People_Aunt_Aunt_002
People_Aunt_Aunt_003,People_Aunt_Aunt_003
People_Baby_Baby_001,People_Baby_Baby_001
People_Baby_Baby_002,People_Baby_Baby_002
People_Baby_Baby_003,People_Baby_Baby_003
People_Baby_Baby_004,People_Baby_Baby_004
People_Brother_in_law_Brother_in_law_001,People_Brother_in_law_Brother_in_law_001
People_Bro_Bro_001,People_Bro_Bro_001
People_Bro_Bro_002,People_Bro_Bro_002
People_Bro_Bro_003,People_Bro_Bro_003
People_Bro_Bro_004,People_Bro_Bro_004
People_Bro_Bro_005,People_Bro_Bro_005
People_Bro_Bro_006,People_Bro_Bro_006
People_Bro_Bro_007,People_Bro_Bro_007
People_Bro_Bro_008,People_Bro_Bro_008
People_Bro_Bro_009,People_Bro_Bro_009
People_Bro_Bro_010,People_Bro_Bro_010
People_Child_Child_001,People_Child_Child_001
People_Child_Child_002,People_Child_Child_002
People_Child_Child_003,People_Child_Child_003
People_Child_Child_004,People_Child_Child_004
People_Child_Child_005,People_Child_Child_005
People_Child_Child_006,People_Child_Child_006
People_Child_Child_007,People_Child_Child_007
People_Child_Child_008,People_Child_Child_008
People_Child_Child_009,People_Child_Child_009
People_Child_Child_010,People_Child_Child_010
People_Child_Child_011,People_Child_Child_011
People_Child_Child_012,People_Child_Child_012
People_Child_Child_013,People_Child_Child_013
People_Child_Child_014,People_Child_Child_014
People_Child_Child_015,People_Child_Child_015
People_Child_Child_016,People_Child_Child_016
People_Child_Child_017,People_Child_Child_017
People_Child_Child_018,People_Child_Child_018
People_Child_Child_019,People_Child_Child_019
People_Child_Child_020,People_Child_Child_020
People_Child_Child_021,People_Child_Child_021
People_Child_Child_022,People_Child_Child_022
People_Child_Child_023,People_Child_Child_023
People_Child_Child_024,People_Child_Child_024
People_Child_Child_025,People_Child_Child_025
People_Child_Child_026,People_Child_Child_026
People_Child_Child_027,People_Child_Child_027
People_Child_Child_028,People_Child_Child_028
People_Child_Child_029,People_Child_Child_029
People_Daughter_Daughter_001,People_Daughter_Daughter_001
People_Daughter_Daughter_002,People_Daughter_Daughter_002
People_Daughter_Daughter_003,People_Daughter_Daughter_003
People_Daughter_Daughter_004,People_Daughter_Daughter_004
People_Doctor_Doctor_001,People_Doctor_Doctor_001
People_Doctor_Doctor_002,People_Doctor_Doctor_002
People_Doctor_Doctor_003,People_Doctor_Doctor_003
People_Doctor_Doctor_004,People_Doctor_Doctor_004
People_Doctor_Doctor_005,People_Doctor_Doctor_005
People_Doctor_Doctor_006,People_Doctor_Doctor_006
People_Doctor_Doctor_007,People_Doctor_Doctor_007
People_Doctor_Doctor_008,People_Doctor_Doctor_008
People_Doctor_Doctor_009,People_Doctor_Doctor_009
People_Doctor_Doctor_010,People_Doctor_Doctor_010
People_Doctor_Doctor_011,People_Doctor_Doctor_011
People_Doctor_Doctor_012,People_Doctor_Doctor_012
People_Doctor_Doctor_013,People_Doctor_Doctor_013
People_Doctor_Doctor_014,People_Doctor_Doctor_014
People_Doctor_Doctor_015,People_Doctor_Doctor_015
People_Doctor_Doctor_016,People_Doctor_Doctor_016
People_Doctor_Doctor_017,People_Doctor_Doctor_017
People_Doctor_Doctor_018,People_Doctor_Doctor_018
People_Elder_bro_Elder_bro_001,People_Elder_bro_Elder_bro_001
People_Elder_bro_Elder_bro_002,People_Elder_bro_Elder_bro_002
People_Elder_bro_Elder_bro_003,People_Elder_bro_Elder_bro_003
People_Elder_bro_Elder_bro_004,People_Elder_bro_Elder_bro_004
People_Elder_bro_Elder_bro_005,People_Elder_bro_Elder_bro_005
People_Elder_bro_Elder_bro_006,People_Elder_bro_Elder_bro_006
People_Elder_bro_Elder_bro_007,People_Elder_bro_Elder_bro_007
People_Elder_bro_Elder_bro_008,People_Elder_bro_Elder_bro_008
People_Elder_bro_Elder_bro_009,People_Elder_bro_Elder_bro_009
People_Elder_bro_Elder_bro_010,People_Elder_bro_Elder_bro_010
People_Elder_bro_Elder_bro_011,People_Elder_bro_Elder_bro_011
People_Elder_bro_Elder_bro_012,People_Elder_bro_Elder_bro_012
People_Elder_bro_Elder_bro_013,People_Elder_bro_Elder_bro_013
People_Elder_bro_Elder_bro_014,People_Elder_bro_Elder_bro_014
People_Elder_bro_Elder_bro_015,People_Elder_bro_Elder_bro_015
People_Elder_bro_Elder_bro_016,People_Elder_bro_Elder_bro_016
People_Elder_bro_Elder_bro_017,People_Elder_bro_Elder_bro_017
People_Elder_bro_Elder_bro_018,People_Elder_bro_Elder_bro_018
People_Elder_bro_Elder_bro_019,People_Elder_bro_Elder_bro_019
People_Elder_bro_Elder_bro_020,People_Elder_bro_Elder_bro_020
People_Elder_bro_Elder_bro_021,People_Elder_bro_Elder_bro_021
People_Elder_bro_Elder_bro_022,People_Elder_bro_Elder_bro_022
People_Elder_bro_Elder_bro_023,People_Elder_bro_Elder_bro_023
People_Elder_bro_Elder_bro_024,People_Elder_bro_Elder_bro_024
People_Elder_bro_Elder_bro_025,People_Elder_bro_Elder_bro_025
People_Elder_sister_Elder_sister_001,People_Elder_sister_Elder_sister_001
People_Elder_sister_Elder_sister_002,People_Elder_sister_Elder_sister_002
People_Elder_sister_Elder_sister_003,People_Elder_sister_Elder_sister_003
People_Elder_sister_Elder_sister_004,People_Elder_sister_Elder_sister_004
People_Elder_sister_Elder_sister_005,People_Elder_sister_Elder_sister_005
People_Elder_sister_Elder_sister_006,People_Elder_sister_Elder_sister_006
People_Elder_sister_Elder_sister_007,People_Elder_sister_Elder_sister_007
People_Elder_sister_Elder_sister_008,People_Elder_sister_Elder_sister_008
People_Elder_sister_Elder_sister_009,People_Elder_sister_Elder_sister_009
People_Elder_sister_Elder_sister_010,People_Elder_sister_Elder_sister_010
People_Elder_sister_Elder_sister_011,People_Elder_sister_Elder_sister_011
People_Elder_sister_Elder_sister_012,People_Elder_sister_Elder_sister_012
People_Elder_sister_Elder_sister_013,People_Elder_sister_Elder_sister_013
People_Elder_sister_Elder_sister_014,People_Elder_sister_Elder_sister_014
People_Elder_sister_Elder_sister_015,People_Elder_sister_Elder_sister_015
People_Elder_sister_Elder_sister_016,People_Elder_sister_Elder_sister_016
People_Elder_sister_Elder_sister_017,People_Elder_sister_Elder_sister_017
People_Elder_sister_Elder_sister_018,People_Elder_sister_Elder_sister_018
People_Elder_sister_Elder_sister_019,People_Elder_sister_Elder_sister_019
People_Elder_sister_Elder_sister_020,People_Elder_sister_Elder_sister_020
People_Elder_sister_Elder_sister_021,People_Elder_sister_Elder_sister_021
People_Elder_sister_Elder_sister_022,People_Elder_sister_Elder_sister_022
People_Elder_sister_Elder_sister_023,People_Elder_sister_Elder_sister_023
People_Elder_sister_Elder_sister_024,People_Elder_sister_Elder_sister_024
People_Elder_sister_Elder_sister_025,People_Elder_sister_Elder_sister_025
People_Elder_sister_Elder_sister_026,People_Elder_sister_Elder_sister_026
People_Families_Families_001,People_Families_Families_001
People_Family_Family_001,People_Family_Family_001
People_Family_Family_002,People_Family_Family_002
People_Family_Family_003,People_Family_Family_003
People_Family_Family_004,People_Family_Family_004
People_Father_Father_001,People_Father_Father_001
People_Father_Father_002,People_Father_Father_002
People_Father_Father_003,People_Father_Father_003
People_Father_Father_004,People_Father_Father_004
People_Grand_father_Grand_father_001,People_Grand_father_Grand_father_001
People_Grand_father_Grand_father_002,People_Grand_father_Grand_father_002
People_Grand_father_Grand_father_003,People_Grand_father_Grand_father_003
People_Grand_father_Grand_father_004,People_Grand_father_Grand_father_004
People_Grand_father_Grand_father_005,People_Grand_father_Grand_father_005
People_Grand_father_Grand_father_006,People_Grand_father_Grand_father_006
People_Grand_father_Grand_father_007,People_Grand_father_Grand_father_007
People_Grand_father_Grand_father_008,People_Grand_father_Grand_father_008
People_Grand_father_Grand_father_009,People_Grand_father_Grand_father_009
People_Grand_father_Grand_father_010,People_Grand_father_Grand_father_010
People_Grand_father_Grand_father_011,People_Grand_father_Grand_father_011
People_Grand_father_Grand_father_012,People_Grand_father_Grand_father_012
People_Grand_father_Grand_father_013,People_Grand_father_Grand_father_013
People_Grand_father_Grand_father_014,People_Grand_father_Grand_father_014
People_Grand_father_Grand_father_015,People_Grand_father_Grand_father_015
People_Grand_father_Grand_father_016,People_Grand_father_Grand_father_016
People_Grand_father_Grand_father_017,People_Grand_father_Grand_father_017
People_Grand_father_Grand_father_018,People_Grand_father_Grand_father_018
People_Grand_father_Grand_father_019,People_Grand_father_Grand_father_019
People_Grand_father_Grand_father_020,People_Grand_father_Grand_father_020
People_Grand_father_Grand_father_021,People_Grand_father_Grand_father_021
People_Grand_father_Grand_father_022,People_Grand_father_Grand_father_022
People_Grand_father_Grand_father_023,People_Grand_father_Grand_father_023
People_Grand_father_Grand_father_024,People_Grand_father_Grand_father_024
People_Grand_father_Grand_father_025,People_Grand_father_Grand_father_025
People_Grand_father_Grand_father_026,People_Grand_father_Grand_father_026
People_Grand_mother_Grand_mother_001,People_Grand_mother_Grand_mother_001
People_Grand_mother_Grand_mother_002,People_Grand_mother_Grand_mother_002
People_Grand_mother_Grand_mother_003,People_Grand_mother_Grand_mother_003
People_Grand_mother_Grand_mother_004,People_Grand_mother_Grand_mother_004
People_Grand_son_Grand_son_001,People_Grand_son_Grand_son_001
People_Grand_son_Grand_son_002,People_Grand_son_Grand_son_002
People_Grand_son_Grand_son_003,People_Grand_son_Grand_son_003
People_Husband_Husband_001,People_Husband_Husband_001
People_Husband_Husband_002,People_Husband_Husband_002
People_Husband_Husband_003,People_Husband_Husband_003
People_Lady_Lady_001,People_Lady_Lady_001
People_Lady_Lady_002,People_Lady_Lady_002
People_Lady_Lady_003,People_Lady_Lady_003
People_Man_Man_001,People_Man_Man_001
People_Man_Man_002,People_Man_Man_002
People_Man_Man_003,People_Man_Man_003
People_Man_Man_004,People_Man_Man_004
People_Man_Man_005,People_Man_Man_005
People_Man_Man_006,People_Man_Man_006
People_Man_Man_007,People_Man_Man_007
People_Man_Man_008,People_Man_Man_008
People_Man_Man_009,People_Man_Man_009
People_Man_Man_010,People_Man_Man_010
People_Man_Man_011,People_Man_Man_011
People_Man_Man_012,People_Man_Man_012
People_Man_Man_013,People_Man_Man_013
People_Man_Man_014,People_Man_Man_014
People_Man_Man_015,People_Man_Man_015
People_Man_Man_016,People_Man_Man_016
People_Man_Man_017,People_Man_Man_017
People_Man_Man_018,People_Man_Man_018
People_Man_Man_019,People_Man_Man_019
People_Man_Man_020,People_Man_Man_020
People_Man_Man_021,People_Man_Man_021
People_Man_Man_022,People_Man_Man_022
People_Man_Man_023,People_Man_Man_023
People_Man_Man_024,People_Man_Man_024
People_Man_Man_025,People_Man_Man_025
People_Man_Man_026,People_Man_Man_026
People_Man_Man_027,People_Man_Man_027
People_Man_Man_028,People_Man_Man_028
People_Man_Man_029,People_Man_Man_029
People_Man_Man_030,People_Man_Man_030
People_Man_Man_031,People_Man_Man_031
People_Man_Man_032,People_Man_Man_032
People_Man_Man_033,People_Man_Man_033
People_Man_Man_034,People_Man_Man_034
People_Man_Man_035,People_Man_Man_035
People_Man_Man_036,People_Man_Man_036
People_Man_Man_037,People_Man_Man_037
People_Man_Man_038,People_Man_Man_038
People_Man_Man_039,People_Man_Man_039
People_Man_Man_040,People_Man_Man_040
People_Man_Man_041,People_Man_Man_041
People_Man_Man_042,People_Man_Man_042
People_Man_Man_043,People_Man_Man_043
People_Man_Man_044,People_Man_Man_044
People_Man_Man_045,People_Man_Man_045
People_Man_Man_046,People_Man_Man_046
People_Man_Man_047,People_Man_Man_047
People_Man_Man_048,People_Man_Man_048
People_Man_Man_049,People_Man_Man_049
People_Man_Man_050,People_Man_Man_050
People_Man_Man_051,People_Man_Man_051
People_Man_Man_052,People_Man_Man_052
People_Man_Man_053,People_Man_Man_053
People_Mother_Mother_001,People_Mother_Mother_001
People_Mother_Mother_002,People_Mother_Mother_002
People_Mother_Mother_003,People_Mother_Mother_003
People_Mother_Mother_004,People_Mother_Mother_004
People_Mother_Mother_005,People_Mother_Mother_005
People_Mother_Mother_006,People_Mother_Mother_006
People_Mother_Mother_007,People_Mother_Mother_007
People_Mother_Mother_008,People_Mother_Mother_008
People_Mother_Mother_009,People_Mother_Mother_009
People_Mother_Mother_010,People_Mother_Mother_010
People_Mother_Mother_011,People_Mother_Mother_011
People_Mother_Mother_012,People_Mother_Mother_012
People_Mother_Mother_013,People_Mother_Mother_013
People_Mother_Mother_014,People_Mother_Mother_014
People_Mother_Mother_015,People_Mother_Mother_015
People_Mother_Mother_016,People_Mother_Mother_016
People_Mother_Mother_017,People_Mother_Mother_017
People_Mother_Mother_018,People_Mother_Mother_018
People_Mother_Mother_019,People_Mother_Mother_019
People_Mother_Mother_020,People_Mother_Mother_020
People_Mother_Mother_021,People_Mother_Mother_021
People_Mother_Mother_022,People_Mother_Mother_022
People_Mother_Mother_023,People_Mother_Mother_023
People_Mother_Mother_024,People_Mother_Mother_024
People_Mother_Mother_025,People_Mother_Mother_025
People_Mother_Mother_026,People_Mother_Mother_026
People_Mother_Mother_027,People_Mother_Mother_027
People_Mother_Mother_028,People_Mother_Mother_028
People_Player_Player_001,People_Player_Player_001
People_Player_Player_002,People_Player_Player_002
People_Player_Player_003,People_Player_Player_003
People_Player_Player_004,People_Player_Player_004
People_Player_Player_005,People_Player_Player_005
People_Player_Player_006,People_Player_Player_006
People_Player_Player_007,People_Player_Player_007
People_Player_Player_008,People_Player_Player_008
People_Player_Player_009,People_Player_Player_009
People_Player_Player_010,People_Player_Player_010
People_Player_Player_011,People_Player_Player_011
People_Player_Player_012,People_Player_Player_012
People_Player_Player_013,People_Player_Player_013
People_Player_Player_014,People_Player_Player_014
People_Player_Player_015,People_Player_Player_015
People_Player_Player_016,People_Player_Player_016
People_Player_Player_017,People_Player_Player_017
People_Player_Player_018,People_Player_Player_018
People_Player_Player_019,People_Player_Player_019
People_Player_Player_020,People_Player_Player_020
People_Police_Police_001,People_Police_Police_001
People_Relations_Relations_001,People_Relations_Relations_001
People_She_She_001,People_She_She_001
People_She_She_002,People_She_She_002
People_Sister_in_law_Sister_in_law_001,People_Sister_in_law_Sister_in_law_001
People_Sister_in_law_Sister_in_law_002,People_Sister_in_law_Sister_in_law_002
People_Sister_Sister_001,People_Sister_Sister_001
People_Sister_Sister_002,People_Sister_Sister_002
People_Sister_Sister_003,People_Sister_Sister_003
People_Son_Son_001,People_Son_Son_001
People_Son_Son_002,People_Son_Son_002
People_Son_Son_003,People_Son_Son_003
People_Son_Son_004,People_Son_Son_004
People_Son_Son_005,People_Son_Son_005
People_Son_Son_006,People_Son_Son_006
People_Son_Son_007,People_Son_Son_007
People_Son_Son_008,People_Son_Son_008
People_Son_Son_009,People_Son_Son_009
People_Son_Son_010,People_Son_Son_010
People_Son_Son_011,People_Son_Son_011
People_Son_Son_012,People_Son_Son_012
People_Son_Son_013,People_Son_Son_013
People_Son_Son_014,People_Son_Son_014
People_Son_Son_015,People_Son_Son_015
People_Son_Son_016,People_Son_Son_016
People_Son_Son_017,People_Son_Son_017
People_Son_Son_018,People_Son_Son_018
People_Son_Son_019,People_Son_Son_019
People_Son_Son_020,People_Son_Son_020
People_Son_Son_021,People_Son_Son_021
People_Son_Son_022,People_Son_Son_022
People_Son_Son_023,People_Son_Son_023
People_Son_Son_024,People_Son_Son_024
People_Son_Son_025,People_Son_Son_025
People_Son_Son_026,People_Son_Son_026
People_Thief_Thief_001,People_Thief_Thief_001
People_Uncle_Uncle_001,People_Uncle_Uncle_001
People_Uncle_Uncle_002,People_Uncle_Uncle_002
People_Uncle_Uncle_003,People_Uncle_Uncle_003
People_Uncle_Uncle_004,People_Uncle_Uncle_004
People_Uncle_Uncle_005,People_Uncle_Uncle_005
People_Uncle_Uncle_006,People_Uncle_Uncle_006
People_Us_Us_001,People_Us_Us_001
People_Us_Us_002,People_Us_Us_002
People_Us_Us_003,People_Us_Us_003
People_Us_Us_004,People_Us_Us_004
People_Us_Us_005,People_Us_Us_005
People_Us_Us_006,People_Us_Us_006
People_Us_Us_007,People_Us_Us_007
People_Us_Us_008,People_Us_Us_008
People_Us_Us_009,People_Us_Us_009
People_Us_Us_010,People_Us_Us_010
People_Us_Us_011,People_Us_Us_011
People_Us_Us_012,People_Us_Us_012
People_Us_Us_013,People_Us_Us_013
People_Us_Us_014,People_Us_Us_014
People_Us_Us_015,People_Us_Us_015
People_Us_Us_016,People_Us_Us_016
People_Us_Us_017,People_Us_Us_017
People_Us_Us_018,People_Us_Us_018
People_Us_Us_019,People_Us_Us_019
People_Us_Us_020,People_Us_Us_020
People_Us_Us_021,People_Us_Us_021
People_Us_Us_022,People_Us_Us_022
People_Us_Us_023,People_Us_Us_023
People_Us_Us_024,People_Us_Us_024
People_Wife_Wife_001,People_Wife_Wife_001
People_Wife_Wife_002,People_Wife_Wife_002
People_Wife_Wife_003,People_Wife_Wife_003
People_Younger_bro_Younger_bro_001,People_Younger_bro_Younger_bro_001
People_Younger_bro_Younger_bro_002,People_Younger_bro_Younger_bro_002
People_Younger_bro_Younger_bro_003,People_Younger_bro_Younger_bro_003
People_Younger_bro_Younger_bro_004,People_Younger_bro_Younger_bro_004
People_Younger_bro_Younger_bro_005,People_Younger_bro_Younger_bro_005
People_Younger_bro_Younger_bro_006,People_Younger_bro_Younger_bro_006
People_Younger_bro_Younger_bro_007,People_Younger_bro_Younger_bro_007
People_Younger_bro_Younger_bro_008,People_Younger_bro_Younger_bro_008
People_Younger_bro_Younger_bro_009,People_Younger_bro_Younger_bro_009
People_Younger_bro_Younger_bro_010,People_Younger_bro_Younger_bro_010
People_Younger_bro_Younger_bro_011,People_Younger_bro_Younger_bro_011
People_Younger_bro_Younger_bro_012,People_Younger_bro_Younger_bro_012
People_Younger_bro_Younger_bro_013,People_Younger_bro_Younger_bro_013
People_Younger_bro_Younger_bro_014,People_Younger_bro_Younger_bro_014
People_Younger_bro_Younger_bro_015,People_Younger_bro_Younger_bro_015
People_Younger_bro_Younger_bro_016,People_Younger_bro_Younger_bro_016
People_Younger_bro_Younger_bro_017,People_Younger_bro_Younger_bro_017
People_Younger_bro_Younger_bro_018,People_Younger_bro_Younger_bro_018
People_Younger_bro_Younger_bro_019,People_Younger_bro_Younger_bro_019
People_Younger_bro_Younger_bro_020,People_Younger_bro_Younger_bro_020
People_Younger_bro_Younger_bro_021,People_Younger_bro_Younger_bro_021
People_Younger_bro_Younger_bro_022,People_Younger_bro_Younger_bro_022
People_Younger_bro_Younger_bro_023,People_Younger_bro_Younger_bro_023
People_Younger_sister_Younger_sister_001,People_Younger_sister_Younger_sister_001
People_Younger_sister_Younger_sister_002,People_Younger_sister_Younger_sister_002
People_Younger_sister_Younger_sister_003,People_Younger_sister_Younger_sister_003
People_Younger_sister_Younger_sister_004,People_Younger_sister_Younger_sister_004
People_Younger_sister_Younger_sister_005,People_Younger_sister_Younger_sister_005
People_Younger_sister_Younger_sister_006,People_Younger_sister_Younger_sister_006
People_Younger_sister_Younger_sister_007,People_Younger_sister_Younger_sister_007
People_Younger_sister_Younger_sister_008,People_Younger_sister_Younger_sister_008
Places_Airport_Airport_001,Places_Airport_Airport_001
Places_Airport_Airport_002,Places_Airport_Airport_002
Places_Bank_Bank_001,Places_Bank_Bank_001
Places_Bank_Bank_002,Places_Bank_Bank_002
Places_Bus_station_Bus_station_001,Places_Bus_station_Bus_station_001
Places_Bus_station_Bus_station_002,Places_Bus_station_Bus_station_002
Places_Church_Church_001,Places_Church_Church_001
Places_Church_Church_002,Places_Church_Church_002
Places_Hospital_Hospital_001,Places_Hospital_Hospital_001
Places_Hospital_Hospital_002,Places_Hospital_Hospital_002
Places_House_House_001,Places_House_House_001
Places_House_House_002,Places_House_House_002
Places_House_House_003,Places_House_House_003
Places_House_House_004,Places_House_House_004
Places_House_House_005,Places_House_House_005
Places_House_House_006,Places_House_House_006
Places_House_House_007,Places_House_House_007
Places_House_House_008,Places_House_House_008
Places_House_House_009,Places_House_House_009
Places_House_House_010,Places_House_House_010
Places_House_House_011,Places_House_House_011
Places_House_House_012,Places_House_House_012
Places_House_House_013,Places_House_House_013
Places_House_House_014,Places_House_House_014
Places_House_House_015,Places_House_House_015
Places_House_House_016,Places_House_House_016
Places_House_House_017,Places_House_House_017
Places_House_House_018,Places_House_House_018
Places_House_House_019,Places_House_House_019
Places_House_House_020,Places_House_House_020
Places_House_House_021,Places_House_House_021
Places_House_House_022,Places_House_House_022
Places_House_House_023,Places_House_House_023
Places_House_House_024,Places_House_House_024
Places_House_House_025,Places_House_House_025
Places_House_House_026,Places_House_House_026
Places_House_House_027,Places_House_House_027
Places_House_House_028,Places_House_House_028
Places_House_House_029,Places_House_House_029
Places_House_House_030,Places_House_House_030
Places_House_House_031,Places_House_House_031
Places_House_House_032,Places_House_House_032
Places_House_House_033,Places_House_House_033
Places_House_House_034,Places_House_House_034
Places_House_House_035,Places_House_House_035
Places_House_House_036,Places_House_House_036
Places_House_House_037,Places_House_House_037
Places_House_House_038,Places_House_House_038
Places_House_House_039,Places_House_House_039
Places_House_House_040,Places_House_House_040
Places_House_House_041,Places_House_House_041
Places_House_House_042,Places_House_House_042
Places_House_House_043,Places_House_House_043
Places_House_House_044,Places_House_House_044
Places_House_House_045,Places_House_House_045
Places_House_House_046,Places_House_House_046
Places_House_House_047,Places_House_House_047
Places_House_House_048,Places_House_House_048
Places_House_House_049,Places_House_House_049
Places_House_House_050,Places_House_House_050
Places_House_House_051,Places_House_House_051
Places_House_House_052,Places_House_House_052
Places_House_House_053,Places_House_House_053
Places_House_House_054,Places_House_House_054
Places_House_House_055,Places_House_House_055
Places_House_House_056,Places_House_House_056
Places_House_House_057,Places_House_House_057
Places_House_House_058,Places_House_House_058
Places_House_House_059,Places_House_House_059
Places_House_House_060,Places_House_House_060
Places_House_House_061,Places_House_House_061
Places_Location_Location_001,Places_Location_Location_001
Places_Location_Location_002,Places_Location_Location_002
Places_Location_Location_003,Places_Location_Location_003
Places_Location_Location_004,Places_Location_Location_004
Places_Location_Location_005,Places_Location_Location_005
Places_Location_Location_006,Places_Location_Location_006
Places_Location_Location_007,Places_Location_Location_007
Places_Location_Location_008,Places_Location_Location_008
Places_Location_Location_009,Places_Location_Location_009
Places_Location_Location_010,Places_Location_Location_010
Places_Location_Location_011,Places_Location_Location_011
Places_Location_Location_012,Places_Location_Location_012
Places_Location_Location_013,Places_Location_Location_013
Places_Location_Location_014,Places_Location_Location_014
Places_Location_Location_015,Places_Location_Location_015
Places_Location_Location_016,Places_Location_Location_016
Places_Location_Location_017,Places_Location_Location_017
Places_Location_Location_018,Places_Location_Location_018
Places_Location_Location_019,Places_Location_Location_019
Places_Location_Location_020,Places_Location_Location_020
Places_Location_Location_021,Places_Location_Location_021
Places_Location_Location_022,Places_Location_Location_022
Places_Next_door_Next_door_001,Places_Next_door_Next_door_001
Places_Police_station_Police_station_001,Places_Police_station_Police_station_001
Places_Police_station_Police_station_002,Places_Police_station_Police_station_002
Places_Police_station_Police_station_003,Places_Police_station_Police_station_003
Places_Police_station_Police_station_004,Places_Police_station_Police_station_004
Places_Road_Road_001,Places_Road_Road_001
Places_Road_Road_002,Places_Road_Road_002
Places_Road_Road_003,Places_Road_Road_003
Places_Road_Road_004,Places_Road_Road_004
Places_Road_Road_005,Places_Road_Road_005
Places_Road_Road_006,Places_Road_Road_006
Places_Road_Road_007,Places_Road_Road_007
Places_Road_Road_008,Places_Road_Road_008
Places_Road_Road_009,Places_Road_Road_009
Places_Road_Road_010,Places_Road_Road_010
Places_Road_Road_011,Places_Road_Road_011
Places_Road_Road_012,Places_Road_Road_012
Places_Road_Road_013,Places_Road_Road_013
Places_Road_Road_014,Places_Road_Road_014
Places_Road_Road_015,Places_Road_Road_015
Places_Road_Road_016,Places_Road_Road_016
Places_Road_Road_017,Places_Road_Road_017
Places_Road_Road_018,Places_Road_Road_018
Places_Road_Road_019,Places_Road_Road_019
Places_Road_Road_020,Places_Road_Road_020
Places_Shop_Shop_001,Places_Shop_Shop_001
Places_Shop_Shop_002,Places_Shop_Shop_002
Places_Shop_Shop_003,Places_Shop_Shop_003
Places_Shop_Shop_004,Places_Shop_Shop_004
Places_Shop_Shop_005,Places_Shop_Shop_005
Places_Shop_Shop_006,Places_Shop_Shop_006
Places_Shop_Shop_007,Places_Shop_Shop_007
Places_Shop_Shop_008,Places_Shop_Shop_008
Places_Shop_Shop_009,Places_Shop_Shop_009
Places_Shop_Shop_010,Places_Shop_Shop_010
Places_Shop_Shop_011,Places_Shop_Shop_011
Places_Shop_Shop_012,Places_Shop_Shop_012
Places_Shop_Shop_013,Places_Shop_Shop_013
Places_Shop_Shop_014,Places_Shop_Shop_014
Places_Shop_Shop_015,Places_Shop_Shop_015
Places_Shop_Shop_016,Places_Shop_Shop_016
Places_Shop_Shop_017,Places_Shop_Shop_017
Places_Shop_Shop_018,Places_Shop_Shop_018
Places_Shop_Shop_019,Places_Shop_Shop_019
Places_Shop_Shop_020,Places_Shop_Shop_020
Places_Shop_Shop_021,Places_Shop_Shop_021
Places_Shop_Shop_022,Places_Shop_Shop_022
Places_Temple_Temple_001,Places_Temple_Temple_001
Places_Temple_Temple_002,Places_Temple_Temple_002
Places_Train_station_Train_station_001,Places_Train_station_Train_station_001
Places_Train_station_Train_station_002,Places_Train_station_Train_station_002
Preposition_After_After_001,Preposition_After_After_001
Preposition_After_After_002,Preposition_After_After_002
Preposition_After_After_003,Preposition_After_After_003
Preposition_After_After_004,Preposition_After_After_004
Preposition_After_After_005,Preposition_After_After_005
Preposition_After_After_006,Preposition_After_After_006
Preposition_After_After_007,Preposition_After_After_007
Preposition_Around_Around_001,Preposition_Around_Around_001
Preposition_Around_Around_002,Preposition_Around_Around_002
Preposition_Around_Around_003,Preposition_Around_Around_003
Preposition_Around_Around_004,Preposition_Around_Around_004
Preposition_Around_Around_005,Preposition_Around_Around_005
Preposition_Inside_Inside_001,Preposition_Inside_Inside_001
Preposition_Inside_Inside_002,Preposition_Inside_Inside_002
Preposition_Inside_Inside_003,Preposition_Inside_Inside_003
Preposition_Inside_Inside_004,Preposition_Inside_Inside_004
Preposition_Inside_Inside_005,Preposition_Inside_Inside_005
Preposition_Inside_Inside_006,Preposition_Inside_Inside_006
Preposition_Inside_Inside_007,Preposition_Inside_Inside_007
Preposition_In_In_001,Preposition_In_In_001
Preposition_In_In_002,Preposition_In_In_002
Preposition_In_In_003,Preposition_In_In_003
Preposition_In_In_004,Preposition_In_In_004
Preposition_In_In_005,Preposition_In_In_005
Preposition_In_In_006,Preposition_In_In_006
Preposition_In_In_007,Preposition_In_In_007
Preposition_In_In_008,Preposition_In_In_008
Preposition_Near_Near_001,Preposition_Near_Near_001
Preposition_Near_Near_002,Preposition_Near_Near_002
Preposition_Near_Near_003,Preposition_Near_Near_003
Preposition_Near_Near_004,Preposition_Near_Near_004
Preposition_Near_Near_005,Preposition_Near_Near_005
Preposition_Near_Near_006,Preposition_Near_Near_006
Preposition_Near_Near_007,Preposition_Near_Near_007
Preposition_Near_Near_008,Preposition_Near_Near_008
Preposition_Near_Near_009,Preposition_Near_Near_009
Preposition_On_On_001,Preposition_On_On_001
Preposition_On_On_002,Preposition_On_On_002
Preposition_On_On_003,Preposition_On_On_003
Preposition_On_On_004,Preposition_On_On_004
Preposition_On_On_005,Preposition_On_On_005
Preposition_On_On_006,Preposition_On_On_006
Preposition_Out_Out_001,Preposition_Out_Out_001
Preposition_Out_Out_002,Preposition_Out_Out_002
Preposition_Out_Out_003,Preposition_Out_Out_003
Preposition_Out_Out_004,Preposition_Out_Out_004
Preposition_Out_Out_005,Preposition_Out_Out_005
Preposition_Over_Over_001,Preposition_Over_Over_001
Preposition_Over_Over_002,Preposition_Over_Over_002
Preposition_Over_Over_003,Preposition_Over_Over_003
Preposition_Over_Over_004,Preposition_Over_Over_004
Preposition_Over_Over_005,Preposition_Over_Over_005
Preposition_Over_Over_006,Preposition_Over_Over_006
Preposition_Than_Than_001,Preposition_Than_Than_001
Preposition_Than_Than_002,Preposition_Than_Than_002
Preposition_Than_Than_003,Preposition_Than_Than_003
Preposition_Than_Than_004,Preposition_Than_Than_004
Preposition_To_To_001,Preposition_To_To_001
Preposition_To_To_002,Preposition_To_To_002
Preposition_To_To_003,Preposition_To_To_003
Preposition_To_To_004,Preposition_To_To_004
Preposition_To_To_005,Preposition_To_To_005
Preposition_To_To_006,Preposition_To_To_006
Preposition_To_To_007,Preposition_To_To_007
Preposition_To_To_008,Preposition_To_To_008
Preposition_Until_Until_001,Preposition_Until_Until_001
Preposition_Until_Until_002,Preposition_Until_Until_002
Preposition_Until_Until_003,Preposition_Until_Until_003
Preposition_Until_Until_004,Preposition_Until_Until_004
Preposition_Until_Until_005,Preposition_Until_Until_005
Preposition_Until_Until_006,Preposition_Until_Until_006
Preposition_Until_Until_007,Preposition_Until_Until_007
Preposition_Until_Until_008,Preposition_Until_Until_008
Preposition_Up_Up_001,Preposition_Up_Up_001
Preposition_Up_Up_002,Preposition_Up_Up_002
Preposition_Up_Up_003,Preposition_Up_Up_003
Preposition_Up_Up_004,Preposition_Up_Up_004
Preposition_Up_Up_005,Preposition_Up_Up_005
Preposition_Up_Up_006,Preposition_Up_Up_006
Preposition_Up_Up_007,Preposition_Up_Up_007
Preposition_Up_Up_008,Preposition_Up_Up_008
Vehicles_Bicycle_Bicycle_001,Vehicles_Bicycle_Bicycle_001
Vehicles_Bicycle_Bicycle_002,Vehicles_Bicycle_Bicycle_002
Vehicles_Bicycle_Bicycle_003,Vehicles_Bicycle_Bicycle_003
Vehicles_Boat_Boat_001,Vehicles_Boat_Boat_001
Vehicles_Boat_Boat_002,Vehicles_Boat_Boat_002
Vehicles_Boat_Boat_003,Vehicles_Boat_Boat_003
Vehicles_Boat_Boat_004,Vehicles_Boat_Boat_004
Vehicles_Boat_Boat_005,Vehicles_Boat_Boat_005
Vehicles_Boat_Boat_006,Vehicles_Boat_Boat_006
Vehicles_Boat_Boat_007,Vehicles_Boat_Boat_007
Vehicles_Boat_Boat_008,Vehicles_Boat_Boat_008
Vehicles_Boat_Boat_009,Vehicles_Boat_Boat_009
Vehicles_Boat_Boat_010,Vehicles_Boat_Boat_010
Vehicles_Boat_Boat_011,Vehicles_Boat_Boat_011
Vehicles_Boat_Boat_012,Vehicles_Boat_Boat_012
Vehicles_Boat_Boat_013,Vehicles_Boat_Boat_013
Vehicles_Boat_Boat_014,Vehicles_Boat_Boat_014
Vehicles_Boat_Boat_015,Vehicles_Boat_Boat_015
Vehicles_Boat_Boat_016,Vehicles_Boat_Boat_016
Vehicles_Boat_Boat_017,Vehicles_Boat_Boat_017
Vehicles_Boat_Boat_018,Vehicles_Boat_Boat_018
Vehicles_Boat_Boat_019,Vehicles_Boat_Boat_019
Vehicles_Boat_Boat_020,Vehicles_Boat_Boat_020
Vehicles_Boat_Boat_021,Vehicles_Boat_Boat_021
Vehicles_Bus_Bus_001,Vehicles_Bus_Bus_001
Vehicles_Bus_Bus_002,Vehicles_Bus_Bus_002
Vehicles_Bus_Bus_003,Vehicles_Bus_Bus_003
Vehicles_Car_Car_001,Vehicles_Car_Car_001
Vehicles_Car_Car_002,Vehicles_Car_Car_002
Vehicles_Car_Car_003,Vehicles_Car_Car_003
Vehicles_Motorcycle_Motorcycle_001,Vehicles_Motorcycle_Motorcycle_001
Vehicles_Motorcycle_Motorcycle_002,Vehicles_Motorcycle_Motorcycle_002
Vehicles_Motorcycle_Motorcycle_003,Vehicles_Motorcycle_Motorcycle_003
Vehicles_Motorcycle_Motorcycle_004,Vehicles_Motorcycle_Motorcycle_004
Vehicles_Motorcycle_Motorcycle_005,Vehicles_Motorcycle_Motorcycle_005
Vehicles_Motorcycle_Motorcycle_006,Vehicles_Motorcycle_Motorcycle_006
Vehicles_Motorcycle_Motorcycle_007,Vehicles_Motorcycle_Motorcycle_007
Vehicles_Motorcycle_Motorcycle_008,Vehicles_Motorcycle_Motorcycle_008
Vehicles_Motorcycle_Motorcycle_009,Vehicles_Motorcycle_Motorcycle_009
Vehicles_Plane_Plane_001,Vehicles_Plane_Plane_001
Vehicles_Plane_Plane_002,Vehicles_Plane_Plane_002
Vehicles_Plane_Plane_003,Vehicles_Plane_Plane_003
Vehicles_Plane_Plane_004,Vehicles_Plane_Plane_004
Vehicles_Plane_Plane_005,Vehicles_Plane_Plane_005
Vehicles_Plane_Plane_006,Vehicles_Plane_Plane_006
Vehicles_Plane_Plane_007,Vehicles_Plane_Plane_007
Vehicles_Plane_Plane_008,Vehicles_Plane_Plane_008
Vehicles_Plane_Plane_009,Vehicles_Plane_Plane_009
Vehicles_Plane_Plane_010,Vehicles_Plane_Plane_010
Vehicles_Plane_Plane_011,Vehicles_Plane_Plane_011
Vehicles_Plane_Plane_012,Vehicles_Plane_Plane_012
Vehicles_Plane_Plane_013,Vehicles_Plane_Plane_013
Vehicles_Plane_Plane_014,Vehicles_Plane_Plane_014
Vehicles_Plane_Plane_015,Vehicles_Plane_Plane_015
Vehicles_Plane_Plane_016,Vehicles_Plane_Plane_016
Vehicles_Plane_Plane_017,Vehicles_Plane_Plane_017
Vehicles_Plane_Plane_018,Vehicles_Plane_Plane_018
Vehicles_Plane_Plane_019,Vehicles_Plane_Plane_019
Vehicles_Plane_Plane_020,Vehicles_Plane_Plane_020
Vehicles_Plane_Plane_021,Vehicles_Plane_Plane_021
Vehicles_Plane_Plane_022,Vehicles_Plane_Plane_022
Vehicles_Plane_Plane_023,Vehicles_Plane_Plane_023
Vehicles_Plane_Plane_024,Vehicles_Plane_Plane_024
Vehicles_Plane_Plane_025,Vehicles_Plane_Plane_025
Vehicles_Plane_Plane_026,Vehicles_Plane_Plane_026
Vehicles_Plane_Plane_027,Vehicles_Plane_Plane_027
Vehicles_Plane_Plane_028,Vehicles_Plane_Plane_028
Vehicles_Plane_Plane_029,Vehicles_Plane_Plane_029
Vehicles_Plane_Plane_030,Vehicles_Plane_Plane_030
Vehicles_Tire_Tire_001,Vehicles_Tire_Tire_001
Vehicles_Train_Train_001,Vehicles_Train_Train_001
Vehicles_Train_Train_002,Vehicles_Train_Train_002
Vehicles_Van_Van_001,Vehicles_Van_Van_001
Vehicles_Van_Van_002,Vehicles_Van_Van_002
Vehicles_Van_Van_003,Vehicles_Van_Van_003
Vehicles_Vehicle_Vehicle_001,Vehicles_Vehicle_Vehicle_001
Vehicles_Vehicle_Vehicle_002,Vehicles_Vehicle_Vehicle_002
Vehicles_Vehicle_Vehicle_003,Vehicles_Vehicle_Vehicle_003
Vehicles_Vehicle_Vehicle_004,Vehicles_Vehicle_Vehicle_004
Vehicles_Vehicle_Vehicle_005,Vehicles_Vehicle_Vehicle_005
Vehicles_Vehicle_Vehicle_006,Vehicles_Vehicle_Vehicle_006
Vehicles_Vehicle_Vehicle_007,Vehicles_Vehicle_Vehicle_007
Vehicles_Vehicle_Vehicle_008,Vehicles_Vehicle_Vehicle_008
Verbs_Allow_Allow_001,Verbs_Allow_Allow_001
Verbs_Allow_Allow_002,Verbs_Allow_Allow_002
Verbs_Allow_Allow_003,Verbs_Allow_Allow_003
Verbs_Allow_Allow_004,Verbs_Allow_Allow_004
Verbs_Allow_Allow_005,Verbs_Allow_Allow_005
Verbs_Allow_Allow_006,Verbs_Allow_Allow_006
Verbs_Allow_Allow_007,Verbs_Allow_Allow_007
Verbs_Allow_Allow_008,Verbs_Allow_Allow_008
Verbs_Bathe_Bathe_001,Verbs_Bathe_Bathe_001
Verbs_Bathe_Bathe_002,Verbs_Bathe_Bathe_002
Verbs_Boil_Boil_001,Verbs_Boil_Boil_001
Verbs_Boil_Boil_002,Verbs_Boil_Boil_002
Verbs_Break_Break_001,Verbs_Break_Break_001
Verbs_Break_Break_002,Verbs_Break_Break_002
Verbs_Bring_Bring_001,Verbs_Bring_Bring_001
Verbs_Bring_Bring_002,Verbs_Bring_Bring_002
Verbs_Buy_Buy_001,Verbs_Buy_Buy_001
Verbs_Buy_Buy_002,Verbs_Buy_Buy_002
Verbs_Carry_Carry_001,Verbs_Carry_Carry_001
Verbs_Carry_Carry_002,Verbs_Carry_Carry_002
Verbs_Change_Change_001,Verbs_Change_Change_001
Verbs_Change_Change_002,Verbs_Change_Change_002
Verbs_Change_Change_003,Verbs_Change_Change_003
Verbs_Change_Change_004,Verbs_Change_Change_004
Verbs_Change_Change_005,Verbs_Change_Change_005
Verbs_Change_Change_006,Verbs_Change_Change_006
Verbs_Change_Change_007,Verbs_Change_Change_007
Verbs_Change_Change_008,Verbs_Change_Change_008
Verbs_Change_Change_009,Verbs_Change_Change_009
Verbs_Change_Change_010,Verbs_Change_Change_010
Verbs_Change_Change_011,Verbs_Change_Change_011
Verbs_Change_Change_012,Verbs_Change_Change_012
Verbs_Choose_Choose_001,Verbs_Choose_Choose_001
Verbs_Choose_Choose_002,Verbs_Choose_Choose_002
Verbs_Choose_Choose_003,Verbs_Choose_Choose_003
Verbs_Choose_Choose_004,Verbs_Choose_Choose_004
Verbs_Choose_Choose_005,Verbs_Choose_Choose_005
Verbs_Choose_Choose_006,Verbs_Choose_Choose_006
Verbs_Choose_Choose_007,Verbs_Choose_Choose_007
Verbs_Choose_Choose_008,Verbs_Choose_Choose_008
Verbs_Click_Click_001,Verbs_Click_Click_001
Verbs_Click_Click_002,Verbs_Click_Click_002
Verbs_Click_Click_003,Verbs_Click_Click_003
Verbs_Click_Click_004,Verbs_Click_Click_004
Verbs_Come_Come_001,Verbs_Come_Come_001
Verbs_Come_Come_002,Verbs_Come_Come_002
Verbs_Come_Come_003,Verbs_Come_Come_003
Verbs_Come_Come_004,Verbs_Come_Come_004
Verbs_Come_Come_005,Verbs_Come_Come_005
Verbs_Come_Come_006,Verbs_Come_Come_006
Verbs_Come_Come_007,Verbs_Come_Come_007
Verbs_Come_Come_008,Verbs_Come_Come_008
Verbs_Come_Come_009,Verbs_Come_Come_009
Verbs_Come_Come_010,Verbs_Come_Come_010
Verbs_Come_Come_011,Verbs_Come_Come_011
Verbs_Come_Come_012,Verbs_Come_Come_012
Verbs_Come_Come_013,Verbs_Come_Come_013
Verbs_Come_Come_014,Verbs_Come_Come_014
Verbs_Come_Come_015,Verbs_Come_Come_015
Verbs_Come_Come_016,Verbs_Come_Come_016
Verbs_Come_Come_017,Verbs_Come_Come_017
Verbs_Come_Come_018,Verbs_Come_Come_018
Verbs_Come_Come_019,Verbs_Come_Come_019
Verbs_Come_Come_020,Verbs_Come_Come_020
Verbs_Come_Come_021,Verbs_Come_Come_021
Verbs_Come_Come_022,Verbs_Come_Come_022
Verbs_Come_Come_023,Verbs_Come_Come_023
Verbs_Come_Come_024,Verbs_Come_Come_024
Verbs_Come_Come_025,Verbs_Come_Come_025
Verbs_Come_Come_026,Verbs_Come_Come_026
Verbs_Come_Come_027,Verbs_Come_Come_027
Verbs_Come_Come_028,Verbs_Come_Come_028
Verbs_Come_Come_029,Verbs_Come_Come_029
Verbs_Come_Come_030,Verbs_Come_Come_030
Verbs_Come_Come_031,Verbs_Come_Come_031
Verbs_Come_Come_032,Verbs_Come_Come_032
Verbs_Come_Come_033,Verbs_Come_Come_033
Verbs_Come_Come_034,Verbs_Come_Come_034
Verbs_Connect_Connect_001,Verbs_Connect_Connect_001
Verbs_Connect_Connect_002,Verbs_Connect_Connect_002
Verbs_Connect_Connect_003,Verbs_Connect_Connect_003
Verbs_Connect_Connect_004,Verbs_Connect_Connect_004
Verbs_Connect_Connect_005,Verbs_Connect_Connect_005
Verbs_Connect_Connect_006,Verbs_Connect_Connect_006
Verbs_Cook_Cook_001,Verbs_Cook_Cook_001
Verbs_Cook_Cook_002,Verbs_Cook_Cook_002
Verbs_Cook_Cook_003,Verbs_Cook_Cook_003
Verbs_Cook_Cook_004,Verbs_Cook_Cook_004
Verbs_Cook_Cook_005,Verbs_Cook_Cook_005
Verbs_Cook_Cook_006,Verbs_Cook_Cook_006
Verbs_Cook_Cook_007,Verbs_Cook_Cook_007
Verbs_Cook_Cook_008,Verbs_Cook_Cook_008
Verbs_Cook_Cook_009,Verbs_Cook_Cook_009
Verbs_Cook_Cook_010,Verbs_Cook_Cook_010
Verbs_Cook_Cook_011,Verbs_Cook_Cook_011
Verbs_Cook_Cook_012,Verbs_Cook_Cook_012
Verbs_Cook_Cook_013,Verbs_Cook_Cook_013
Verbs_Cook_Cook_014,Verbs_Cook_Cook_014
Verbs_Cook_Cook_015,Verbs_Cook_Cook_015
Verbs_Cook_Cook_016,Verbs_Cook_Cook_016
Verbs_Cook_Cook_017,Verbs_Cook_Cook_017
Verbs_Cook_Cook_018,Verbs_Cook_Cook_018
Verbs_Cook_Cook_019,Verbs_Cook_Cook_019
Verbs_Cook_Cook_020,Verbs_Cook_Cook_020
Verbs_Cook_Cook_021,Verbs_Cook_Cook_021
Verbs_Cook_Cook_022,Verbs_Cook_Cook_022
Verbs_Cook_Cook_023,Verbs_Cook_Cook_023
Verbs_Cook_Cook_024,Verbs_Cook_Cook_024
Verbs_Cook_Cook_025,Verbs_Cook_Cook_025
Verbs_Cook_Cook_026,Verbs_Cook_Cook_026
Verbs_Cook_Cook_027,Verbs_Cook_Cook_027
Verbs_Cook_Cook_028,Verbs_Cook_Cook_028
Verbs_Copy_Copy_001,Verbs_Copy_Copy_001
Verbs_Copy_Copy_002,Verbs_Copy_Copy_002
Verbs_Copy_Copy_003,Verbs_Copy_Copy_003
Verbs_Copy_Copy_004,Verbs_Copy_Copy_004
Verbs_Copy_Copy_005,Verbs_Copy_Copy_005
Verbs_Copy_Copy_006,Verbs_Copy_Copy_006
Verbs_Copy_Copy_007,Verbs_Copy_Copy_007
Verbs_Copy_Copy_008,Verbs_Copy_Copy_008
Verbs_Cough_Cough_001,Verbs_Cough_Cough_001
Verbs_Cough_Cough_002,Verbs_Cough_Cough_002
Verbs_Cough_Cough_003,Verbs_Cough_Cough_003
Verbs_Cough_Cough_004,Verbs_Cough_Cough_004
Verbs_Cough_Cough_005,Verbs_Cough_Cough_005
Verbs_Cough_Cough_006,Verbs_Cough_Cough_006
Verbs_Cough_Cough_007,Verbs_Cough_Cough_007
Verbs_Cough_Cough_008,Verbs_Cough_Cough_008
Verbs_Cough_Cough_009,Verbs_Cough_Cough_009
Verbs_Cough_Cough_010,Verbs_Cough_Cough_010
Verbs_Cough_Cough_011,Verbs_Cough_Cough_011
Verbs_Cough_Cough_012,Verbs_Cough_Cough_012
Verbs_Cough_Cough_013,Verbs_Cough_Cough_013
Verbs_Cough_Cough_014,Verbs_Cough_Cough_014
Verbs_Cough_Cough_015,Verbs_Cough_Cough_015
Verbs_Cough_Cough_016,Verbs_Cough_Cough_016
Verbs_Cough_Cough_017,Verbs_Cough_Cough_017
Verbs_Cough_Cough_018,Verbs_Cough_Cough_018
Verbs_Cough_Cough_019,Verbs_Cough_Cough_019
Verbs_Cough_Cough_020,Verbs_Cough_Cough_020
Verbs_Cough_Cough_021,Verbs_Cough_Cough_021
Verbs_Cover_Cover_001,Verbs_Cover_Cover_001
Verbs_Cover_Cover_002,Verbs_Cover_Cover_002
Verbs_Cover_Cover_003,Verbs_Cover_Cover_003
Verbs_Cover_Cover_004,Verbs_Cover_Cover_004
Verbs_Cover_Cover_005,Verbs_Cover_Cover_005
Verbs_Cry_Cry_001,Verbs_Cry_Cry_001
Verbs_Cry_Cry_002,Verbs_Cry_Cry_002
Verbs_Cry_Cry_003,Verbs_Cry_Cry_003
Verbs_Cry_Cry_004,Verbs_Cry_Cry_004
Verbs_Cry_Cry_005,Verbs_Cry_Cry_005
Verbs_Cry_Cry_006,Verbs_Cry_Cry_006
Verbs_Cry_Cry_007,Verbs_Cry_Cry_007
Verbs_Cry_Cry_008,Verbs_Cry_Cry_008
Verbs_Cry_Cry_009,Verbs_Cry_Cry_009
Verbs_Cry_Cry_010,Verbs_Cry_Cry_010
Verbs_Cry_Cry_011,Verbs_Cry_Cry_011
Verbs_Cry_Cry_012,Verbs_Cry_Cry_012
Verbs_Cry_Cry_013,Verbs_Cry_Cry_013
Verbs_Cry_Cry_014,Verbs_Cry_Cry_014
Verbs_Cry_Cry_015,Verbs_Cry_Cry_015
Verbs_Cry_Cry_016,Verbs_Cry_Cry_016
Verbs_Cry_Cry_017,Verbs_Cry_Cry_017
Verbs_Cry_Cry_018,Verbs_Cry_Cry_018
Verbs_Cry_Cry_019,Verbs_Cry_Cry_019
Verbs_Cry_Cry_020,Verbs_Cry_Cry_020
Verbs_Cry_Cry_021,Verbs_Cry_Cry_021
Verbs_Cry_Cry_022,Verbs_Cry_Cry_022
Verbs_Cry_Cry_023,Verbs_Cry_Cry_023
Verbs_Cry_Cry_024,Verbs_Cry_Cry_024
Verbs_Cry_Cry_025,Verbs_Cry_Cry_025
Verbs_Cry_Cry_026,Verbs_Cry_Cry_026
Verbs_Cry_Cry_027,Verbs_Cry_Cry_027
Verbs_Cut_Cut_001,Verbs_Cut_Cut_001
Verbs_Cut_Cut_002,Verbs_Cut_Cut_002
Verbs_Cut_Cut_003,Verbs_Cut_Cut_003
Verbs_Cut_Cut_004,Verbs_Cut_Cut_004
Verbs_Cut_Cut_005,Verbs_Cut_Cut_005
Verbs_Cut_Cut_006,Verbs_Cut_Cut_006
Verbs_Cut_Cut_007,Verbs_Cut_Cut_007
Verbs_Cut_Cut_008,Verbs_Cut_Cut_008
Verbs_Cut_Cut_009,Verbs_Cut_Cut_009
Verbs_Cut_Cut_010,Verbs_Cut_Cut_010
Verbs_Cut_Cut_011,Verbs_Cut_Cut_011
Verbs_Cut_Cut_012,Verbs_Cut_Cut_012
Verbs_Cut_Cut_013,Verbs_Cut_Cut_013
Verbs_Cut_Cut_014,Verbs_Cut_Cut_014
Verbs_Cut_Cut_015,Verbs_Cut_Cut_015
Verbs_Cut_Cut_016,Verbs_Cut_Cut_016
Verbs_Cut_Cut_017,Verbs_Cut_Cut_017
Verbs_Cut_Cut_018,Verbs_Cut_Cut_018
Verbs_Cut_Cut_019,Verbs_Cut_Cut_019
Verbs_Cut_Cut_020,Verbs_Cut_Cut_020
Verbs_Cut_Cut_021,Verbs_Cut_Cut_021
Verbs_Cut_Cut_022,Verbs_Cut_Cut_022
Verbs_Cut_Cut_023,Verbs_Cut_Cut_023
Verbs_Cut_Cut_024,Verbs_Cut_Cut_024
Verbs_Cut_Cut_025,Verbs_Cut_Cut_025
Verbs_Cut_Cut_026,Verbs_Cut_Cut_026
Verbs_Cut_Cut_027,Verbs_Cut_Cut_027
Verbs_Cut_Cut_028,Verbs_Cut_Cut_028
Verbs_Cut_Cut_029,Verbs_Cut_Cut_029
Verbs_Cut_Cut_030,Verbs_Cut_Cut_030
Verbs_Cut_Cut_031,Verbs_Cut_Cut_031
Verbs_Cut_Cut_032,Verbs_Cut_Cut_032
Verbs_Cut_Cut_033,Verbs_Cut_Cut_033
Verbs_Dance_Dance_001,Verbs_Dance_Dance_001
Verbs_Dance_Dance_002,Verbs_Dance_Dance_002
Verbs_Dance_Dance_003,Verbs_Dance_Dance_003
Verbs_Done_Done_001,Verbs_Done_Done_001
Verbs_Done_Done_002,Verbs_Done_Done_002
Verbs_Done_Done_003,Verbs_Done_Done_003
Verbs_Done_Done_004,Verbs_Done_Done_004
Verbs_Done_Done_005,Verbs_Done_Done_005
Verbs_Draw_Draw_001,Verbs_Draw_Draw_001
Verbs_Draw_Draw_002,Verbs_Draw_Draw_002
Verbs_Drink_Drink_001,Verbs_Drink_Drink_001
Verbs_Drink_Drink_002,Verbs_Drink_Drink_002
Verbs_Drink_Drink_003,Verbs_Drink_Drink_003
Verbs_Drink_Drink_004,Verbs_Drink_Drink_004
Verbs_Drink_Drink_005,Verbs_Drink_Drink_005
Verbs_Drink_Drink_006,Verbs_Drink_Drink_006
Verbs_Drink_Drink_007,Verbs_Drink_Drink_007
Verbs_Drink_Drink_008,Verbs_Drink_Drink_008
Verbs_Drink_Drink_009,Verbs_Drink_Drink_009
Verbs_Drink_Drink_010,Verbs_Drink_Drink_010
Verbs_Drink_Drink_011,Verbs_Drink_Drink_011
Verbs_Drink_Drink_012,Verbs_Drink_Drink_012
Verbs_Drink_Drink_013,Verbs_Drink_Drink_013
Verbs_Drink_Drink_014,Verbs_Drink_Drink_014
Verbs_Drink_Drink_015,Verbs_Drink_Drink_015
Verbs_Drink_Drink_016,Verbs_Drink_Drink_016
Verbs_Drink_Drink_017,Verbs_Drink_Drink_017
Verbs_Drink_Drink_018,Verbs_Drink_Drink_018
Verbs_Drink_Drink_019,Verbs_Drink_Drink_019
Verbs_Drink_Drink_020,Verbs_Drink_Drink_020
Verbs_Drink_Drink_021,Verbs_Drink_Drink_021
Verbs_Drink_Drink_022,Verbs_Drink_Drink_022
Verbs_Drink_Drink_023,Verbs_Drink_Drink_023
Verbs_Drink_Drink_024,Verbs_Drink_Drink_024
Verbs_Drink_Drink_025,Verbs_Drink_Drink_025
Verbs_Drink_Drink_026,Verbs_Drink_Drink_026
Verbs_Drink_Drink_027,Verbs_Drink_Drink_027
Verbs_Drink_Drink_028,Verbs_Drink_Drink_028
Verbs_Drink_Drink_029,Verbs_Drink_Drink_029
Verbs_Drink_Drink_030,Verbs_Drink_Drink_030
Verbs_Drink_Drink_031,Verbs_Drink_Drink_031
Verbs_Drink_Drink_032,Verbs_Drink_Drink_032
Verbs_Drink_Drink_033,Verbs_Drink_Drink_033
Verbs_Drink_Drink_034,Verbs_Drink_Drink_034
Verbs_Drink_Drink_035,Verbs_Drink_Drink_035
Verbs_Drink_Drink_036,Verbs_Drink_Drink_036
Verbs_Drink_Drink_037,Verbs_Drink_Drink_037
Verbs_Drink_Drink_038,Verbs_Drink_Drink_038
Verbs_Drink_Drink_039,Verbs_Drink_Drink_039
Verbs_Drink_Drink_040,Verbs_Drink_Drink_040
Verbs_Drink_Drink_041,Verbs_Drink_Drink_041
Verbs_Drink_Drink_042,Verbs_Drink_Drink_042
Verbs_Eat_Eat_001,Verbs_Eat_Eat_001
Verbs_Eat_Eat_002,Verbs_Eat_Eat_002
Verbs_Eat_Eat_003,Verbs_Eat_Eat_003
Verbs_Eat_Eat_004,Verbs_Eat_Eat_004
Verbs_Eat_Eat_005,Verbs_Eat_Eat_005
Verbs_Eat_Eat_006,Verbs_Eat_Eat_006
Verbs_Eat_Eat_007,Verbs_Eat_Eat_007
Verbs_Eat_Eat_008,Verbs_Eat_Eat_008
Verbs_Eat_Eat_009,Verbs_Eat_Eat_009
Verbs_Eat_Eat_010,Verbs_Eat_Eat_010
Verbs_Eat_Eat_011,Verbs_Eat_Eat_011
Verbs_Eat_Eat_012,Verbs_Eat_Eat_012
Verbs_Eat_Eat_013,Verbs_Eat_Eat_013
Verbs_Eat_Eat_014,Verbs_Eat_Eat_014
Verbs_Eat_Eat_015,Verbs_Eat_Eat_015
Verbs_Eat_Eat_016,Verbs_Eat_Eat_016
Verbs_Eat_Eat_017,Verbs_Eat_Eat_017
Verbs_Eat_Eat_018,Verbs_Eat_Eat_018
Verbs_Eat_Eat_019,Verbs_Eat_Eat_019
Verbs_Eat_Eat_020,Verbs_Eat_Eat_020
Verbs_Eat_Eat_021,Verbs_Eat_Eat_021
Verbs_Eat_Eat_022,Verbs_Eat_Eat_022
Verbs_Eat_Eat_023,Verbs_Eat_Eat_023
Verbs_Eat_Eat_024,Verbs_Eat_Eat_024
Verbs_Eat_Eat_025,Verbs_Eat_Eat_025
Verbs_Eat_Eat_026,Verbs_Eat_Eat_026
Verbs_Eat_Eat_027,Verbs_Eat_Eat_027
Verbs_Eat_Eat_028,Verbs_Eat_Eat_028
Verbs_Eat_Eat_029,Verbs_Eat_Eat_029
Verbs_Eat_Eat_030,Verbs_Eat_Eat_030
Verbs_Eat_Eat_031,Verbs_Eat_Eat_031
Verbs_Eat_Eat_032,Verbs_Eat_Eat_032
Verbs_Eat_Eat_033,Verbs_Eat_Eat_033
Verbs_Eat_Eat_034,Verbs_Eat_Eat_034
Verbs_Eat_Eat_035,Verbs_Eat_Eat_035
Verbs_Eat_Eat_036,Verbs_Eat_Eat_036
Verbs_Eat_Eat_037,Verbs_Eat_Eat_037
Verbs_Eat_Eat_038,Verbs_Eat_Eat_038
Verbs_Eat_Eat_039,Verbs_Eat_Eat_039
Verbs_Eat_Eat_040,Verbs_Eat_Eat_040
Verbs_Eat_Eat_041,Verbs_Eat_Eat_041
Verbs_Eat_Eat_042,Verbs_Eat_Eat_042
Verbs_Eat_Eat_043,Verbs_Eat_Eat_043
Verbs_Eat_Eat_044,Verbs_Eat_Eat_044
Verbs_Eat_Eat_045,Verbs_Eat_Eat_045
Verbs_Eat_Eat_046,Verbs_Eat_Eat_046
Verbs_Enter_Enter_001,Verbs_Enter_Enter_001
Verbs_Enter_Enter_002,Verbs_Enter_Enter_002
Verbs_Enter_Enter_003,Verbs_Enter_Enter_003
Verbs_Enter_Enter_004,Verbs_Enter_Enter_004
Verbs_Enter_Enter_005,Verbs_Enter_Enter_005
Verbs_Enter_Enter_006,Verbs_Enter_Enter_006
Verbs_Erase_Erase_001,Verbs_Erase_Erase_001
Verbs_Erase_Erase_002,Verbs_Erase_Erase_002
Verbs_Erase_Erase_003,Verbs_Erase_Erase_003
Verbs_Erase_Erase_004,Verbs_Erase_Erase_004
Verbs_Erase_Erase_005,Verbs_Erase_Erase_005
Verbs_Erase_Erase_006,Verbs_Erase_Erase_006
Verbs_Erase_Erase_007,Verbs_Erase_Erase_007
Verbs_Erase_Erase_008,Verbs_Erase_Erase_008
Verbs_Exchange_Exchange_001,Verbs_Exchange_Exchange_001
Verbs_Exchange_Exchange_002,Verbs_Exchange_Exchange_002
Verbs_Exchange_Exchange_003,Verbs_Exchange_Exchange_003
Verbs_Exchange_Exchange_004,Verbs_Exchange_Exchange_004
Verbs_Exchange_Exchange_005,Verbs_Exchange_Exchange_005
Verbs_Exchange_Exchange_006,Verbs_Exchange_Exchange_006
Verbs_Exchange_Exchange_007,Verbs_Exchange_Exchange_007
Verbs_Exchange_Exchange_008,Verbs_Exchange_Exchange_008
Verbs_Exchange_Exchange_009,Verbs_Exchange_Exchange_009
Verbs_Feel_Feel_001,Verbs_Feel_Feel_001
Verbs_Feel_Feel_002,Verbs_Feel_Feel_002
Verbs_Feel_Feel_003,Verbs_Feel_Feel_003
Verbs_Feel_Feel_004,Verbs_Feel_Feel_004
Verbs_Feel_Feel_005,Verbs_Feel_Feel_005
Verbs_Feel_Feel_006,Verbs_Feel_Feel_006
Verbs_Feel_Feel_007,Verbs_Feel_Feel_007
Verbs_Feel_Feel_008,Verbs_Feel_Feel_008
Verbs_Fight_Fight_001,Verbs_Fight_Fight_001
Verbs_Fight_Fight_002,Verbs_Fight_Fight_002
Verbs_Fight_Fight_003,Verbs_Fight_Fight_003
Verbs_Fight_Fight_004,Verbs_Fight_Fight_004
Verbs_Fight_Fight_005,Verbs_Fight_Fight_005
Verbs_Fight_Fight_006,Verbs_Fight_Fight_006
Verbs_Fight_Fight_007,Verbs_Fight_Fight_007
Verbs_Fight_Fight_008,Verbs_Fight_Fight_008
Verbs_Fight_Fight_009,Verbs_Fight_Fight_009
Verbs_Fight_Fight_010,Verbs_Fight_Fight_010
Verbs_Fight_Fight_011,Verbs_Fight_Fight_011
Verbs_Fight_Fight_012,Verbs_Fight_Fight_012
Verbs_Fight_Fight_013,Verbs_Fight_Fight_013
Verbs_Fight_Fight_014,Verbs_Fight_Fight_014
Verbs_Fight_Fight_015,Verbs_Fight_Fight_015
Verbs_Fight_Fight_016,Verbs_Fight_Fight_016
Verbs_Fight_Fight_017,Verbs_Fight_Fight_017
Verbs_Fight_Fight_018,Verbs_Fight_Fight_018
Verbs_Fight_Fight_019,Verbs_Fight_Fight_019
Verbs_Fight_Fight_020,Verbs_Fight_Fight_020
Verbs_Fight_Fight_021,Verbs_Fight_Fight_021
Verbs_Fight_Fight_022,Verbs_Fight_Fight_022
Verbs_Fight_Fight_023,Verbs_Fight_Fight_023
Verbs_Fight_Fight_024,Verbs_Fight_Fight_024
Verbs_Fight_Fight_025,Verbs_Fight_Fight_025
Verbs_Fight_Fight_026,Verbs_Fight_Fight_026
Verbs_Follow_Follow_001,Verbs_Follow_Follow_001
Verbs_Follow_Follow_002,Verbs_Follow_Follow_002
Verbs_Follow_Follow_003,Verbs_Follow_Follow_003
Verbs_Follow_Follow_004,Verbs_Follow_Follow_004
Verbs_Follow_Follow_005,Verbs_Follow_Follow_005
Verbs_Follow_Follow_006,Verbs_Follow_Follow_006
Verbs_Follow_Follow_007,Verbs_Follow_Follow_007
Verbs_Follow_Follow_008,Verbs_Follow_Follow_008
Verbs_Follow_Follow_009,Verbs_Follow_Follow_009
Verbs_Get_up_Get_up_001,Verbs_Get_up_Get_up_001
Verbs_Get_up_Get_up_002,Verbs_Get_up_Get_up_002
Verbs_Give_Give_001,Verbs_Give_Give_001
Verbs_Give_Give_002,Verbs_Give_Give_002
Verbs_Give_Give_003,Verbs_Give_Give_003
Verbs_Give_Give_004,Verbs_Give_Give_004
Verbs_Give_Give_005,Verbs_Give_Give_005
Verbs_Give_Give_006,Verbs_Give_Give_006
Verbs_Give_Give_007,Verbs_Give_Give_007
Verbs_Give_Give_008,Verbs_Give_Give_008
Verbs_Give_Give_009,Verbs_Give_Give_009
Verbs_Give_Give_010,Verbs_Give_Give_010
Verbs_Give_Give_011,Verbs_Give_Give_011
Verbs_Give_Give_012,Verbs_Give_Give_012
Verbs_Give_Give_013,Verbs_Give_Give_013
Verbs_Give_Give_014,Verbs_Give_Give_014
Verbs_Give_Give_015,Verbs_Give_Give_015
Verbs_Go_Go_001,Verbs_Go_Go_001
Verbs_Go_Go_002,Verbs_Go_Go_002
Verbs_Go_Go_003,Verbs_Go_Go_003
Verbs_Go_Go_004,Verbs_Go_Go_004
Verbs_Go_Go_005,Verbs_Go_Go_005
Verbs_Go_Go_006,Verbs_Go_Go_006
Verbs_Go_Go_007,Verbs_Go_Go_007
Verbs_Go_Go_008,Verbs_Go_Go_008
Verbs_Go_Go_009,Verbs_Go_Go_009
Verbs_Go_Go_010,Verbs_Go_Go_010
Verbs_Go_Go_011,Verbs_Go_Go_011
Verbs_Go_Go_012,Verbs_Go_Go_012
Verbs_Go_Go_013,Verbs_Go_Go_013
Verbs_Go_Go_014,Verbs_Go_Go_014
Verbs_Go_Go_015,Verbs_Go_Go_015
Verbs_Go_Go_016,Verbs_Go_Go_016
Verbs_Go_Go_017,Verbs_Go_Go_017
Verbs_Go_Go_018,Verbs_Go_Go_018
Verbs_Go_Go_019,Verbs_Go_Go_019
Verbs_Go_Go_020,Verbs_Go_Go_020
Verbs_Go_Go_021,Verbs_Go_Go_021
Verbs_Go_Go_022,Verbs_Go_Go_022
Verbs_Go_Go_023,Verbs_Go_Go_023
Verbs_Go_Go_024,Verbs_Go_Go_024
Verbs_Go_Go_025,Verbs_Go_Go_025
Verbs_Go_Go_026,Verbs_Go_Go_026
Verbs_Go_Go_027,Verbs_Go_Go_027
Verbs_Go_Go_028,Verbs_Go_Go_028
Verbs_Go_Go_029,Verbs_Go_Go_029
Verbs_Go_Go_030,Verbs_Go_Go_030
Verbs_Go_Go_031,Verbs_Go_Go_031
Verbs_Go_Go_032,Verbs_Go_Go_032
Verbs_Go_Go_033,Verbs_Go_Go_033
Verbs_Go_Go_034,Verbs_Go_Go_034
Verbs_Guide_Guide_001,Verbs_Guide_Guide_001
Verbs_Guide_Guide_002,Verbs_Guide_Guide_002
Verbs_Guide_Guide_003,Verbs_Guide_Guide_003
Verbs_Guide_Guide_004,Verbs_Guide_Guide_004
Verbs_Guide_Guide_005,Verbs_Guide_Guide_005
Verbs_Hang_Hang_001,Verbs_Hang_Hang_001
Verbs_Hang_Hang_002,Verbs_Hang_Hang_002
Verbs_Hang_Hang_003,Verbs_Hang_Hang_003
Verbs_Hear_Hear_001,Verbs_Hear_Hear_001
Verbs_Hear_Hear_002,Verbs_Hear_Hear_002
Verbs_Hear_Hear_003,Verbs_Hear_Hear_003
Verbs_Hear_Hear_004,Verbs_Hear_Hear_004
Verbs_Hear_Hear_005,Verbs_Hear_Hear_005
Verbs_Hear_Hear_006,Verbs_Hear_Hear_006
Verbs_Hear_Hear_007,Verbs_Hear_Hear_007
Verbs_Hear_Hear_008,Verbs_Hear_Hear_008
Verbs_Hear_Hear_009,Verbs_Hear_Hear_009
Verbs_Help_Help_001,Verbs_Help_Help_001
Verbs_Help_Help_002,Verbs_Help_Help_002
Verbs_Help_Help_003,Verbs_Help_Help_003
Verbs_Help_Help_004,Verbs_Help_Help_004
Verbs_Help_Help_005,Verbs_Help_Help_005
Verbs_Help_Help_006,Verbs_Help_Help_006
Verbs_Help_Help_007,Verbs_Help_Help_007
Verbs_Help_Help_008,Verbs_Help_Help_008
Verbs_Help_Help_009,Verbs_Help_Help_009
Verbs_Help_Help_010,Verbs_Help_Help_010
Verbs_Help_Help_011,Verbs_Help_Help_011
Verbs_Help_Help_012,Verbs_Help_Help_012
Verbs_Help_Help_013,Verbs_Help_Help_013
Verbs_Help_Help_014,Verbs_Help_Help_014
Verbs_Help_Help_015,Verbs_Help_Help_015
Verbs_Help_Help_016,Verbs_Help_Help_016
Verbs_Help_Help_017,Verbs_Help_Help_017
Verbs_Help_Help_018,Verbs_Help_Help_018
Verbs_Help_Help_019,Verbs_Help_Help_019
Verbs_Help_Help_020,Verbs_Help_Help_020
Verbs_Help_Help_021,Verbs_Help_Help_021
Verbs_Help_Help_022,Verbs_Help_Help_022
Verbs_Help_Help_023,Verbs_Help_Help_023
Verbs_Help_Help_024,Verbs_Help_Help_024
Verbs_Help_Help_025,Verbs_Help_Help_025
Verbs_Help_Help_026,Verbs_Help_Help_026
Verbs_Help_Help_027,Verbs_Help_Help_027
Verbs_Help_Help_028,Verbs_Help_Help_028
Verbs_Help_Help_029,Verbs_Help_Help_029
Verbs_Help_Help_030,Verbs_Help_Help_030
Verbs_Hit_Hit_001,Verbs_Hit_Hit_001
Verbs_Hit_Hit_002,Verbs_Hit_Hit_002
Verbs_Hit_Hit_003,Verbs_Hit_Hit_003
Verbs_Hit_Hit_004,Verbs_Hit_Hit_004
Verbs_Hit_Hit_005,Verbs_Hit_Hit_005
Verbs_Hit_Hit_006,Verbs_Hit_Hit_006
Verbs_Hit_Hit_007,Verbs_Hit_Hit_007
Verbs_How_How_001,Verbs_How_How_001
Verbs_How_How_002,Verbs_How_How_002
Verbs_How_How_003,Verbs_How_How_003
Verbs_I_know_I_know_001,Verbs_I_know_I_know_001
Verbs_I_know_I_know_002,Verbs_I_know_I_know_002
Verbs_Jump_Jump_001,Verbs_Jump_Jump_001
Verbs_Jump_Jump_002,Verbs_Jump_Jump_002
Verbs_Knock_Knock_001,Verbs_Knock_Knock_001
Verbs_Knock_Knock_002,Verbs_Knock_Knock_002
Verbs_Knock_Knock_003,Verbs_Knock_Knock_003
Verbs_Knock_Knock_004,Verbs_Knock_Knock_004
Verbs_Laugh_Laugh_001,Verbs_Laugh_Laugh_001
Verbs_Laugh_Laugh_002,Verbs_Laugh_Laugh_002
Verbs_Laugh_Laugh_003,Verbs_Laugh_Laugh_003
Verbs_Laugh_Laugh_004,Verbs_Laugh_Laugh_004
Verbs_Laugh_Laugh_005,Verbs_Laugh_Laugh_005
Verbs_Lead_Lead_001,Verbs_Lead_Lead_001
Verbs_Lead_Lead_002,Verbs_Lead_Lead_002
Verbs_Lead_Lead_003,Verbs_Lead_Lead_003
Verbs_Lead_Lead_004,Verbs_Lead_Lead_004
Verbs_Lead_Lead_005,Verbs_Lead_Lead_005
Verbs_Lead_Lead_006,Verbs_Lead_Lead_006
Verbs_Lead_Lead_007,Verbs_Lead_Lead_007
Verbs_Let_Let_001,Verbs_Let_Let_001
Verbs_Let_Let_002,Verbs_Let_Let_002
Verbs_Let_Let_003,Verbs_Let_Let_003
Verbs_Let_Let_004,Verbs_Let_Let_004
Verbs_Like_Like_001,Verbs_Like_Like_001
Verbs_Like_Like_002,Verbs_Like_Like_002
Verbs_Like_Like_003,Verbs_Like_Like_003
Verbs_Like_Like_004,Verbs_Like_Like_004
Verbs_Like_Like_005,Verbs_Like_Like_005
Verbs_Like_Like_006,Verbs_Like_Like_006
Verbs_Like_Like_007,Verbs_Like_Like_007
Verbs_Listen_Listen_001,Verbs_Listen_Listen_001
Verbs_Listen_Listen_002,Verbs_Listen_Listen_002
Verbs_Listen_Listen_003,Verbs_Listen_Listen_003
Verbs_Listen_Listen_004,Verbs_Listen_Listen_004
Verbs_Listen_Listen_005,Verbs_Listen_Listen_005
Verbs_Listen_Listen_006,Verbs_Listen_Listen_006
Verbs_Look_Look_001,Verbs_Look_Look_001
Verbs_Look_Look_002,Verbs_Look_Look_002
Verbs_Look_Look_003,Verbs_Look_Look_003
Verbs_Look_Look_004,Verbs_Look_Look_004
Verbs_Look_Look_005,Verbs_Look_Look_005
Verbs_Look_Look_006,Verbs_Look_Look_006
Verbs_Look_Look_007,Verbs_Look_Look_007
Verbs_Look_Look_008,Verbs_Look_Look_008
Verbs_Look_Look_009,Verbs_Look_Look_009
Verbs_Look_Look_010,Verbs_Look_Look_010
Verbs_Look_Look_011,Verbs_Look_Look_011
Verbs_Look_Look_012,Verbs_Look_Look_012
Verbs_Look_Look_013,Verbs_Look_Look_013
Verbs_Look_Look_014,Verbs_Look_Look_014
Verbs_Look_Look_015,Verbs_Look_Look_015
Verbs_Look_Look_016,Verbs_Look_Look_016
Verbs_Look_Look_017,Verbs_Look_Look_017
Verbs_Look_Look_018,Verbs_Look_Look_018
Verbs_Look_Look_019,Verbs_Look_Look_019
Verbs_Look_Look_020,Verbs_Look_Look_020
Verbs_Look_Look_021,Verbs_Look_Look_021
Verbs_Look_Look_022,Verbs_Look_Look_022
Verbs_Look_Look_023,Verbs_Look_Look_023
Verbs_Look_Look_024,Verbs_Look_Look_024
Verbs_Look_Look_025,Verbs_Look_Look_025
Verbs_Look_Look_026,Verbs_Look_Look_026
Verbs_Look_Look_027,Verbs_Look_Look_027
Verbs_Love_Love_001,Verbs_Love_Love_001
Verbs_Love_Love_002,Verbs_Love_Love_002
Verbs_Love_Love_003,Verbs_Love_Love_003
Verbs_Love_Love_004,Verbs_Love_Love_004
Verbs_Love_Love_005,Verbs_Love_Love_005
Verbs_Love_Love_006,Verbs_Love_Love_006
Verbs_Love_Love_007,Verbs_Love_Love_007
Verbs_Love_Love_008,Verbs_Love_Love_008
Verbs_Make_Make_001,Verbs_Make_Make_001
Verbs_Make_Make_002,Verbs_Make_Make_002
Verbs_Meet_Meet_001,Verbs_Meet_Meet_001
Verbs_Meet_Meet_002,Verbs_Meet_Meet_002
Verbs_Meet_Meet_003,Verbs_Meet_Meet_003
Verbs_Meet_Meet_004,Verbs_Meet_Meet_004
Verbs_Meet_Meet_005,Verbs_Meet_Meet_005
Verbs_Meet_Meet_006,Verbs_Meet_Meet_006
Verbs_Meet_Meet_007,Verbs_Meet_Meet_007
Verbs_Meet_Meet_008,Verbs_Meet_Meet_008
Verbs_Meet_Meet_009,Verbs_Meet_Meet_009
Verbs_Meet_Meet_010,Verbs_Meet_Meet_010
Verbs_Meet_Meet_011,Verbs_Meet_Meet_011
Verbs_Meet_Meet_012,Verbs_Meet_Meet_012
Verbs_Meet_Meet_013,Verbs_Meet_Meet_013
Verbs_Meet_Meet_014,Verbs_Meet_Meet_014
Verbs_Meet_Meet_015,Verbs_Meet_Meet_015
Verbs_Meet_Meet_016,Verbs_Meet_Meet_016
Verbs_Meet_Meet_017,Verbs_Meet_Meet_017
Verbs_Meet_Meet_018,Verbs_Meet_Meet_018
Verbs_Meet_Meet_019,Verbs_Meet_Meet_019
Verbs_Meet_Meet_020,Verbs_Meet_Meet_020
Verbs_Meet_Meet_021,Verbs_Meet_Meet_021
Verbs_Meet_Meet_022,Verbs_Meet_Meet_022
Verbs_Meet_Meet_023,Verbs_Meet_Meet_023
Verbs_Meet_Meet_024,Verbs_Meet_Meet_024
Verbs_Meet_Meet_025,Verbs_Meet_Meet_025
Verbs_Meet_Meet_026,Verbs_Meet_Meet_026
Verbs_Meet_Meet_027,Verbs_Meet_Meet_027
Verbs_Meet_Meet_028,Verbs_Meet_Meet_028
Verbs_Meet_Meet_029,Verbs_Meet_Meet_029
Verbs_Meet_Meet_030,Verbs_Meet_Meet_030
Verbs_Meet_Meet_031,Verbs_Meet_Meet_031
Verbs_Meet_Meet_032,Verbs_Meet_Meet_032
Verbs_Meet_Meet_033,Verbs_Meet_Meet_033
Verbs_Meet_Meet_034,Verbs_Meet_Meet_034
Verbs_Now_Now_001,Verbs_Now_Now_001
Verbs_Now_Now_002,Verbs_Now_Now_002
Verbs_Open_Open_001,Verbs_Open_Open_001
Verbs_Open_Open_002,Verbs_Open_Open_002
Verbs_Open_Open_003,Verbs_Open_Open_003
Verbs_Open_Open_004,Verbs_Open_Open_004
Verbs_Open_Open_005,Verbs_Open_Open_005
Verbs_Open_Open_006,Verbs_Open_Open_006
Verbs_Open_Open_007,Verbs_Open_Open_007
Verbs_Order_Order_001,Verbs_Order_Order_001
Verbs_Order_Order_002,Verbs_Order_Order_002
Verbs_Order_Order_003,Verbs_Order_Order_003
Verbs_Order_Order_004,Verbs_Order_Order_004
Verbs_Order_Order_005,Verbs_Order_Order_005
Verbs_Order_Order_006,Verbs_Order_Order_006
Verbs_Order_Order_007,Verbs_Order_Order_007
Verbs_Order_Order_008,Verbs_Order_Order_008
Verbs_Order_Order_009,Verbs_Order_Order_009
Verbs_Order_Order_010,Verbs_Order_Order_010
Verbs_Peeing_Peeing_001,Verbs_Peeing_Peeing_001
Verbs_Peeing_Peeing_002,Verbs_Peeing_Peeing_002
Verbs_Peeing_Peeing_003,Verbs_Peeing_Peeing_003
Verbs_Peeing_Peeing_004,Verbs_Peeing_Peeing_004
Verbs_Peeing_Peeing_005,Verbs_Peeing_Peeing_005
Verbs_Peeing_Peeing_006,Verbs_Peeing_Peeing_006
Verbs_Play_Play_001,Verbs_Play_Play_001
Verbs_Play_Play_002,Verbs_Play_Play_002
Verbs_Play_Play_003,Verbs_Play_Play_003
Verbs_Play_Play_004,Verbs_Play_Play_004
Verbs_Play_Play_005,Verbs_Play_Play_005
Verbs_Play_Play_006,Verbs_Play_Play_006
Verbs_Play_Play_007,Verbs_Play_Play_007
Verbs_Play_Play_008,Verbs_Play_Play_008
Verbs_Play_Play_009,Verbs_Play_Play_009
Verbs_Play_Play_010,Verbs_Play_Play_010
Verbs_Play_Play_011,Verbs_Play_Play_011
Verbs_Play_Play_012,Verbs_Play_Play_012
Verbs_Play_Play_013,Verbs_Play_Play_013
Verbs_Play_Play_014,Verbs_Play_Play_014
Verbs_Play_Play_015,Verbs_Play_Play_015
Verbs_Play_Play_016,Verbs_Play_Play_016
Verbs_Play_Play_017,Verbs_Play_Play_017
Verbs_Play_Play_018,Verbs_Play_Play_018
Verbs_Play_Play_019,Verbs_Play_Play_019
Verbs_Play_Play_020,Verbs_Play_Play_020
Verbs_Play_Play_021,Verbs_Play_Play_021
Verbs_Play_Play_022,Verbs_Play_Play_022
Verbs_Play_Play_023,Verbs_Play_Play_023
Verbs_Play_Play_024,Verbs_Play_Play_024
Verbs_Play_Play_025,Verbs_Play_Play_025
Verbs_Play_Play_026,Verbs_Play_Play_026
Verbs_Pull_Pull_001,Verbs_Pull_Pull_001
Verbs_Pull_Pull_002,Verbs_Pull_Pull_002
Verbs_Pull_Pull_003,Verbs_Pull_Pull_003
Verbs_Pull_Pull_004,Verbs_Pull_Pull_004
Verbs_Pull_Pull_005,Verbs_Pull_Pull_005
Verbs_Pull_Pull_006,Verbs_Pull_Pull_006
Verbs_Pull_Pull_007,Verbs_Pull_Pull_007
Verbs_Pull_Pull_008,Verbs_Pull_Pull_008
Verbs_Pull_Pull_009,Verbs_Pull_Pull_009
Verbs_Pull_Pull_010,Verbs_Pull_Pull_010
Verbs_Pull_Pull_011,Verbs_Pull_Pull_011
Verbs_Put_Put_001,Verbs_Put_Put_001
Verbs_Put_Put_002,Verbs_Put_Put_002
Verbs_Put_Put_003,Verbs_Put_Put_003
Verbs_Put_Put_004,Verbs_Put_Put_004
Verbs_Quickly_Quickly_001,Verbs_Quickly_Quickly_001
Verbs_Run_Run_001,Verbs_Run_Run_001
Verbs_Run_Run_002,Verbs_Run_Run_002
Verbs_Run_Run_003,Verbs_Run_Run_003
Verbs_Run_Run_004,Verbs_Run_Run_004
Verbs_Run_Run_005,Verbs_Run_Run_005
Verbs_Run_Run_006,Verbs_Run_Run_006
Verbs_Run_Run_007,Verbs_Run_Run_007
Verbs_Run_Run_008,Verbs_Run_Run_008
Verbs_Run_Run_009,Verbs_Run_Run_009
Verbs_Run_Run_010,Verbs_Run_Run_010
Verbs_Run_Run_011,Verbs_Run_Run_011
Verbs_Run_Run_012,Verbs_Run_Run_012
Verbs_Run_Run_013,Verbs_Run_Run_013
Verbs_Run_Run_014,Verbs_Run_Run_014
Verbs_Run_Run_015,Verbs_Run_Run_015
Verbs_Run_Run_016,Verbs_Run_Run_016
Verbs_Run_Run_017,Verbs_Run_Run_017
Verbs_Run_Run_018,Verbs_Run_Run_018
Verbs_Run_Run_019,Verbs_Run_Run_019
Verbs_Run_Run_020,Verbs_Run_Run_020
Verbs_Run_Run_021,Verbs_Run_Run_021
Verbs_Run_Run_022,Verbs_Run_Run_022
Verbs_Run_Run_023,Verbs_Run_Run_023
Verbs_Run_Run_024,Verbs_Run_Run_024
Verbs_Run_Run_025,Verbs_Run_Run_025
Verbs_Run_Run_026,Verbs_Run_Run_026
Verbs_Scratch_Scratch_001,Verbs_Scratch_Scratch_001
Verbs_Scratch_Scratch_002,Verbs_Scratch_Scratch_002
Verbs_Scratch_Scratch_003,Verbs_Scratch_Scratch_003
Verbs_Search_Search_001,Verbs_Search_Search_001
Verbs_Search_Search_002,Verbs_Search_Search_002
Verbs_See_See_001,Verbs_See_See_001
Verbs_See_See_002,Verbs_See_See_002
Verbs_See_See_003,Verbs_See_See_003
Verbs_See_See_004,Verbs_See_See_004
Verbs_See_See_005,Verbs_See_See_005
Verbs_See_See_006,Verbs_See_See_006
Verbs_See_See_007,Verbs_See_See_007
Verbs_See_See_008,Verbs_See_See_008
Verbs_See_See_009,Verbs_See_See_009
Verbs_See_See_010,Verbs_See_See_010
Verbs_See_See_011,Verbs_See_See_011
Verbs_See_See_012,Verbs_See_See_012
Verbs_See_See_013,Verbs_See_See_013
Verbs_See_See_014,Verbs_See_See_014
Verbs_See_See_015,Verbs_See_See_015
Verbs_See_See_016,Verbs_See_See_016
Verbs_See_See_017,Verbs_See_See_017
Verbs_See_See_018,Verbs_See_See_018
Verbs_See_See_019,Verbs_See_See_019
Verbs_See_See_020,Verbs_See_See_020
Verbs_See_See_021,Verbs_See_See_021
Verbs_See_See_022,Verbs_See_See_022
Verbs_See_See_023,Verbs_See_See_023
Verbs_See_See_024,Verbs_See_See_024
Verbs_See_See_025,Verbs_See_See_025
Verbs_See_See_026,Verbs_See_See_026
Verbs_See_See_027,Verbs_See_See_027
Verbs_See_See_028,Verbs_See_See_028
Verbs_See_See_029,Verbs_See_See_029
Verbs_See_See_030,Verbs_See_See_030
Verbs_See_See_031,Verbs_See_See_031
Verbs_See_See_032,Verbs_See_See_032
Verbs_Select_Select_001,Verbs_Select_Select_001
Verbs_Select_Select_002,Verbs_Select_Select_002
Verbs_Select_Select_003,Verbs_Select_Select_003
Verbs_Sell_Sell_001,Verbs_Sell_Sell_001
Verbs_Sell_Sell_002,Verbs_Sell_Sell_002
Verbs_Sell_Sell_003,Verbs_Sell_Sell_003
Verbs_Sell_Sell_004,Verbs_Sell_Sell_004
Verbs_Sell_Sell_005,Verbs_Sell_Sell_005
Verbs_Sell_Sell_006,Verbs_Sell_Sell_006
Verbs_Sell_Sell_007,Verbs_Sell_Sell_007
Verbs_Sell_Sell_008,Verbs_Sell_Sell_008
Verbs_Sell_Sell_009,Verbs_Sell_Sell_009
Verbs_Sell_Sell_010,Verbs_Sell_Sell_010
Verbs_Sell_Sell_011,Verbs_Sell_Sell_011
Verbs_Sell_Sell_012,Verbs_Sell_Sell_012
Verbs_Sell_Sell_013,Verbs_Sell_Sell_013
Verbs_Sell_Sell_014,Verbs_Sell_Sell_014
Verbs_Sell_Sell_015,Verbs_Sell_Sell_015
Verbs_Sell_Sell_016,Verbs_Sell_Sell_016
Verbs_Sell_Sell_017,Verbs_Sell_Sell_017
Verbs_Sell_Sell_018,Verbs_Sell_Sell_018
Verbs_Sell_Sell_019,Verbs_Sell_Sell_019
Verbs_Sell_Sell_020,Verbs_Sell_Sell_020
Verbs_Sell_Sell_021,Verbs_Sell_Sell_021
Verbs_Sell_Sell_022,Verbs_Sell_Sell_022
Verbs_Sell_Sell_023,Verbs_Sell_Sell_023
Verbs_Sell_Sell_024,Verbs_Sell_Sell_024
Verbs_Sell_Sell_025,Verbs_Sell_Sell_025
Verbs_Sell_Sell_026,Verbs_Sell_Sell_026
Verbs_Show_Show_001,Verbs_Show_Show_001
Verbs_Show_Show_002,Verbs_Show_Show_002
Verbs_Show_Show_003,Verbs_Show_Show_003
Verbs_Show_Show_004,Verbs_Show_Show_004
Verbs_Show_Show_005,Verbs_Show_Show_005
Verbs_Show_Show_006,Verbs_Show_Show_006
Verbs_Show_Show_007,Verbs_Show_Show_007
Verbs_Show_Show_008,Verbs_Show_Show_008
Verbs_Show_Show_009,Verbs_Show_Show_009
Verbs_Sit_Sit_001,Verbs_Sit_Sit_001
Verbs_Sit_Sit_002,Verbs_Sit_Sit_002
Verbs_Sleep_Sleep_001,Verbs_Sleep_Sleep_001
Verbs_Sleep_Sleep_002,Verbs_Sleep_Sleep_002
Verbs_Sleep_Sleep_003,Verbs_Sleep_Sleep_003
Verbs_Sleep_Sleep_004,Verbs_Sleep_Sleep_004
Verbs_Sleep_Sleep_005,Verbs_Sleep_Sleep_005
Verbs_Sleep_Sleep_006,Verbs_Sleep_Sleep_006
Verbs_Sleep_Sleep_007,Verbs_Sleep_Sleep_007
Verbs_Sleep_Sleep_008,Verbs_Sleep_Sleep_008
Verbs_Sleep_Sleep_009,Verbs_Sleep_Sleep_009
Verbs_Sleep_Sleep_010,Verbs_Sleep_Sleep_010
Verbs_Sleep_Sleep_011,Verbs_Sleep_Sleep_011
Verbs_Sleep_Sleep_012,Verbs_Sleep_Sleep_012
Verbs_Sleep_Sleep_013,Verbs_Sleep_Sleep_013
Verbs_Sleep_Sleep_014,Verbs_Sleep_Sleep_014
Verbs_Sleep_Sleep_015,Verbs_Sleep_Sleep_015
Verbs_Sleep_Sleep_016,Verbs_Sleep_Sleep_016
Verbs_Sleep_Sleep_017,Verbs_Sleep_Sleep_017
Verbs_Sleep_Sleep_018,Verbs_Sleep_Sleep_018
Verbs_Sleep_Sleep_019,Verbs_Sleep_Sleep_019
Verbs_Sleep_Sleep_020,Verbs_Sleep_Sleep_020
Verbs_Sleep_Sleep_021,Verbs_Sleep_Sleep_021
Verbs_Sleep_Sleep_022,Verbs_Sleep_Sleep_022
Verbs_Sleep_Sleep_023,Verbs_Sleep_Sleep_023
Verbs_Sleep_Sleep_024,Verbs_Sleep_Sleep_024
Verbs_Sleep_Sleep_025,Verbs_Sleep_Sleep_025
Verbs_Sleep_Sleep_026,Verbs_Sleep_Sleep_026
Verbs_Sleep_Sleep_027,Verbs_Sleep_Sleep_027
Verbs_Smile_Smile_001,Verbs_Smile_Smile_001
Verbs_Smile_Smile_002,Verbs_Smile_Smile_002
Verbs_Smile_Smile_003,Verbs_Smile_Smile_003
Verbs_Stop_Stop_001,Verbs_Stop_Stop_001
Verbs_Stop_Stop_002,Verbs_Stop_Stop_002
Verbs_Stop_Stop_003,Verbs_Stop_Stop_003
Verbs_Stop_Stop_004,Verbs_Stop_Stop_004
Verbs_Stop_Stop_005,Verbs_Stop_Stop_005
Verbs_Stop_Stop_006,Verbs_Stop_Stop_006
Verbs_Stop_Stop_007,Verbs_Stop_Stop_007
Verbs_Study_Study_001,Verbs_Study_Study_001
Verbs_Study_Study_002,Verbs_Study_Study_002
Verbs_Study_Study_003,Verbs_Study_Study_003
Verbs_Study_Study_004,Verbs_Study_Study_004
Verbs_Study_Study_005,Verbs_Study_Study_005
Verbs_Sweep_Sweep_001,Verbs_Sweep_Sweep_001
Verbs_Sweep_Sweep_002,Verbs_Sweep_Sweep_002
Verbs_Swim_Swim_001,Verbs_Swim_Swim_001
Verbs_Swim_Swim_002,Verbs_Swim_Swim_002
Verbs_Swim_Swim_003,Verbs_Swim_Swim_003
Verbs_Swim_Swim_004,Verbs_Swim_Swim_004
Verbs_Swim_Swim_005,Verbs_Swim_Swim_005
Verbs_Take_Take_001,Verbs_Take_Take_001
Verbs_Take_Take_002,Verbs_Take_Take_002
Verbs_Take_Take_003,Verbs_Take_Take_003
Verbs_Talk_Talk_001,Verbs_Talk_Talk_001
Verbs_Talk_Talk_002,Verbs_Talk_Talk_002
Verbs_Teach_Teach_001,Verbs_Teach_Teach_001
Verbs_Teach_Teach_002,Verbs_Teach_Teach_002
Verbs_Teach_Teach_003,Verbs_Teach_Teach_003
Verbs_Teach_Teach_004,Verbs_Teach_Teach_004
Verbs_Teach_Teach_005,Verbs_Teach_Teach_005
Verbs_Teach_Teach_006,Verbs_Teach_Teach_006
Verbs_Teach_Teach_007,Verbs_Teach_Teach_007
Verbs_Teach_Teach_008,Verbs_Teach_Teach_008
Verbs_Teach_Teach_009,Verbs_Teach_Teach_009
Verbs_Teach_Teach_010,Verbs_Teach_Teach_010
Verbs_Teach_Teach_011,Verbs_Teach_Teach_011
Verbs_Teach_Teach_012,Verbs_Teach_Teach_012
Verbs_Teach_Teach_013,Verbs_Teach_Teach_013
Verbs_Teach_Teach_014,Verbs_Teach_Teach_014
Verbs_Teach_Teach_015,Verbs_Teach_Teach_015
Verbs_Teach_Teach_016,Verbs_Teach_Teach_016
Verbs_Teach_Teach_017,Verbs_Teach_Teach_017
Verbs_Teach_Teach_018,Verbs_Teach_Teach_018
Verbs_Teach_Teach_019,Verbs_Teach_Teach_019
Verbs_Teach_Teach_020,Verbs_Teach_Teach_020
Verbs_Teach_Teach_021,Verbs_Teach_Teach_021
Verbs_Teach_Teach_022,Verbs_Teach_Teach_022
Verbs_Teach_Teach_023,Verbs_Teach_Teach_023
Verbs_Teach_Teach_024,Verbs_Teach_Teach_024
Verbs_Tear_Tear_001,Verbs_Tear_Tear_001
Verbs_Tear_Tear_002,Verbs_Tear_Tear_002
Verbs_Tear_Tear_003,Verbs_Tear_Tear_003
Verbs_Tell_Tell_001,Verbs_Tell_Tell_001
Verbs_Tell_Tell_002,Verbs_Tell_Tell_002
Verbs_Tell_Tell_003,Verbs_Tell_Tell_003
Verbs_Tell_Tell_004,Verbs_Tell_Tell_004
Verbs_Tell_Tell_005,Verbs_Tell_Tell_005
Verbs_Tell_Tell_006,Verbs_Tell_Tell_006
Verbs_Tell_Tell_007,Verbs_Tell_Tell_007
Verbs_Tell_Tell_008,Verbs_Tell_Tell_008
Verbs_Tell_Tell_009,Verbs_Tell_Tell_009
Verbs_Tell_Tell_010,Verbs_Tell_Tell_010
Verbs_Tell_Tell_011,Verbs_Tell_Tell_011
Verbs_Tell_Tell_012,Verbs_Tell_Tell_012
Verbs_Tell_Tell_013,Verbs_Tell_Tell_013
Verbs_Tell_Tell_014,Verbs_Tell_Tell_014
Verbs_Tell_Tell_015,Verbs_Tell_Tell_015
Verbs_Tell_Tell_016,Verbs_Tell_Tell_016
Verbs_Tell_Tell_017,Verbs_Tell_Tell_017
Verbs_Tell_Tell_018,Verbs_Tell_Tell_018
Verbs_Tell_Tell_019,Verbs_Tell_Tell_019
Verbs_Tell_Tell_020,Verbs_Tell_Tell_020
Verbs_Tell_Tell_021,Verbs_Tell_Tell_021
Verbs_Tell_Tell_022,Verbs_Tell_Tell_022
Verbs_Tell_Tell_023,Verbs_Tell_Tell_023
Verbs_Tell_Tell_024,Verbs_Tell_Tell_024
Verbs_Tell_Tell_025,Verbs_Tell_Tell_025
Verbs_Tell_Tell_026,Verbs_Tell_Tell_026
Verbs_Tell_Tell_027,Verbs_Tell_Tell_027
Verbs_Tell_Tell_028,Verbs_Tell_Tell_028
Verbs_Tell_Tell_029,Verbs_Tell_Tell_029
Verbs_Tell_Tell_030,Verbs_Tell_Tell_030
Verbs_Tell_Tell_031,Verbs_Tell_Tell_031
Verbs_Tell_Tell_032,Verbs_Tell_Tell_032
Verbs_Tell_Tell_033,Verbs_Tell_Tell_033
Verbs_Tell_Tell_034,Verbs_Tell_Tell_034
Verbs_Tell_Tell_035,Verbs_Tell_Tell_035
Verbs_Text_Text_001,Verbs_Text_Text_001
Verbs_Text_Text_002,Verbs_Text_Text_002
Verbs_Text_Text_003,Verbs_Text_Text_003
Verbs_Text_Text_004,Verbs_Text_Text_004
Verbs_Text_Text_005,Verbs_Text_Text_005
Verbs_Text_Text_006,Verbs_Text_Text_006
Verbs_Think_Think_001,Verbs_Think_Think_001
Verbs_Think_Think_002,Verbs_Think_Think_002
Verbs_Think_Think_003,Verbs_Think_Think_003
Verbs_Think_Think_004,Verbs_Think_Think_004
Verbs_Think_Think_005,Verbs_Think_Think_005
Verbs_Think_Think_006,Verbs_Think_Think_006
Verbs_Think_Think_007,Verbs_Think_Think_007
Verbs_Throw_Throw_001,Verbs_Throw_Throw_001
Verbs_Throw_Throw_002,Verbs_Throw_Throw_002
Verbs_Trust_Trust_001,Verbs_Trust_Trust_001
Verbs_Understand_Understand_001,Verbs_Understand_Understand_001
Verbs_Understand_Understand_002,Verbs_Understand_Understand_002
Verbs_Understand_Understand_003,Verbs_Understand_Understand_003
Verbs_Understand_Understand_004,Verbs_Understand_Understand_004
Verbs_Understand_Understand_005,Verbs_Understand_Understand_005
Verbs_Understand_Understand_006,Verbs_Understand_Understand_006
Verbs_Use_Use_001,Verbs_Use_Use_001
Verbs_Use_Use_002,Verbs_Use_Use_002
Verbs_Use_Use_003,Verbs_Use_Use_003
Verbs_Use_Use_004,Verbs_Use_Use_004
Verbs_Use_Use_005,Verbs_Use_Use_005
Verbs_Visit_Visit_001,Verbs_Visit_Visit_001
Verbs_Visit_Visit_002,Verbs_Visit_Visit_002
Verbs_Visit_Visit_003,Verbs_Visit_Visit_003
Verbs_Visit_Visit_004,Verbs_Visit_Visit_004
Verbs_Visit_Visit_005,Verbs_Visit_Visit_005
Verbs_Visit_Visit_006,Verbs_Visit_Visit_006
Verbs_Visit_Visit_007,Verbs_Visit_Visit_007
Verbs_Visit_Visit_008,Verbs_Visit_Visit_008
Verbs_Visit_Visit_009,Verbs_Visit_Visit_009
Verbs_Walk_Walk_001,Verbs_Walk_Walk_001
Verbs_Walk_Walk_002,Verbs_Walk_Walk_002
Verbs_Walk_Walk_003,Verbs_Walk_Walk_003
Verbs_Walk_Walk_004,Verbs_Walk_Walk_004
Verbs_Walk_Walk_005,Verbs_Walk_Walk_005
Verbs_Walk_Walk_006,Verbs_Walk_Walk_006
Verbs_Walk_Walk_007,Verbs_Walk_Walk_007
Verbs_Walk_Walk_008,Verbs_Walk_Walk_008
Verbs_Walk_Walk_009,Verbs_Walk_Walk_009
Verbs_Walk_Walk_010,Verbs_Walk_Walk_010
Verbs_Walk_Walk_011,Verbs_Walk_Walk_011
Verbs_Walk_Walk_012,Verbs_Walk_Walk_012
Verbs_Walk_Walk_013,Verbs_Walk_Walk_013
Verbs_Walk_Walk_014,Verbs_Walk_Walk_014
Verbs_Walk_Walk_015,Verbs_Walk_Walk_015
Verbs_Walk_Walk_016,Verbs_Walk_Walk_016
Verbs_Walk_Walk_017,Verbs_Walk_Walk_017
Verbs_Walk_Walk_018,Verbs_Walk_Walk_018
Verbs_Walk_Walk_019,Verbs_Walk_Walk_019
Verbs_Walk_Walk_020,Verbs_Walk_Walk_020
Verbs_Walk_Walk_021,Verbs_Walk_Walk_021
Verbs_Walk_Walk_022,Verbs_Walk_Walk_022
Verbs_Walk_Walk_023,Verbs_Walk_Walk_023
Verbs_Walk_Walk_024,Verbs_Walk_Walk_024
Verbs_Walk_Walk_025,Verbs_Walk_Walk_025
Verbs_Walk_Walk_026,Verbs_Walk_Walk_026
Verbs_Walk_Walk_027,Verbs_Walk_Walk_027
Verbs_Want_Want_001,Verbs_Want_Want_001
Verbs_Want_Want_002,Verbs_Want_Want_002
Verbs_Want_Want_003,Verbs_Want_Want_003
Verbs_Want_Want_004,Verbs_Want_Want_004
Verbs_Want_Want_005,Verbs_Want_Want_005
Verbs_Want_Want_006,Verbs_Want_Want_006
Verbs_Want_Want_007,Verbs_Want_Want_007
Verbs_Want_Want_008,Verbs_Want_Want_008
Verbs_Want_Want_009,Verbs_Want_Want_009
Verbs_Want_Want_010,Verbs_Want_Want_010
Verbs_Want_Want_011,Verbs_Want_Want_011
Verbs_Want_Want_012,Verbs_Want_Want_012
Verbs_Want_Want_013,Verbs_Want_Want_013
Verbs_Want_Want_014,Verbs_Want_Want_014
Verbs_Want_Want_015,Verbs_Want_Want_015
Verbs_Want_Want_016,Verbs_Want_Want_016
Verbs_Want_Want_017,Verbs_Want_Want_017
Verbs_Want_Want_018,Verbs_Want_Want_018
Verbs_Want_Want_019,Verbs_Want_Want_019
Verbs_Want_Want_020,Verbs_Want_Want_020
Verbs_Want_Want_021,Verbs_Want_Want_021
Verbs_Want_Want_022,Verbs_Want_Want_022
Verbs_Wash_Wash_001,Verbs_Wash_Wash_001
Verbs_Wash_Wash_002,Verbs_Wash_Wash_002
Verbs_Wash_Wash_003,Verbs_Wash_Wash_003
Verbs_Wash_Wash_004,Verbs_Wash_Wash_004
Verbs_Wash_Wash_005,Verbs_Wash_Wash_005
Verbs_Wash_Wash_006,Verbs_Wash_Wash_006
Verbs_Wash_Wash_007,Verbs_Wash_Wash_007
Verbs_Wash_Wash_008,Verbs_Wash_Wash_008
Verbs_Wash_Wash_009,Verbs_Wash_Wash_009
Verbs_Wash_Wash_010,Verbs_Wash_Wash_010
Verbs_Watch_Watch_001,Verbs_Watch_Watch_001
Verbs_Watch_Watch_002,Verbs_Watch_Watch_002
Verbs_Watch_Watch_003,Verbs_Watch_Watch_003
Verbs_Watch_Watch_004,Verbs_Watch_Watch_004
Verbs_Watch_Watch_005,Verbs_Watch_Watch_005
Verbs_Watch_Watch_006,Verbs_Watch_Watch_006
Verbs_Watch_Watch_007,Verbs_Watch_Watch_007
Verbs_Watch_Watch_008,Verbs_Watch_Watch_008
Verbs_Work_Work_001,Verbs_Work_Work_001
Verbs_Work_Work_002,Verbs_Work_Work_002
Verbs_Write_Write_001,Verbs_Write_Write_001
Verbs_Write_Write_002,Verbs_Write_Write_002
Verbs_Write_Write_003,Verbs_Write_Write_003
Verbs_Write_Write_004,Verbs_Write_Write_004
Verbs_Write_Write_005,Verbs_Write_Write_005
Verbs_Write_Write_006,Verbs_Write_Write_006
Verbs_Write_Write_007,Verbs_Write_Write_007
Verbs_Write_Write_008,Verbs_Write_Write_008
Verbs_Write_Write_009,Verbs_Write_Write_009
Verbs_Write_Write_010,Verbs_Write_Write_010
Verbs_Write_Write_011,Verbs_Write_Write_011
Verbs_Write_Write_012,Verbs_Write_Write_012
Verbs_Write_Write_013,Verbs_Write_Write_013
Verbs_Write_Write_014,Verbs_Write_Write_014
Verbs_Write_Write_015,Verbs_Write_Write_015
Verbs_Write_Write_016,Verbs_Write_Write_016
Verbs_Write_Write_017,Verbs_Write_Write_017
Verbs_Write_Write_018,Verbs_Write_Write_018
Verbs_Write_Write_019,Verbs_Write_Write_019
Verbs_Write_Write_020,Verbs_Write_Write_020
Verbs_Write_Write_021,Verbs_Write_Write_021
Verbs_Write_Write_022,Verbs_Write_Write_022
Verbs_Write_Write_023,Verbs_Write_Write_023
Verbs_Write_Write_024,Verbs_Write_Write_024
Verbs_Write_Write_025,Verbs_Write_Write_025
Verbs_Write_Write_026,Verbs_Write_Write_026
Verbs_Write_Write_027,Verbs_Write_Write_027
Verbs_Write_Write_028,Verbs_Write_Write_028
Verbs_Write_Write_029,Verbs_Write_Write_029
Verbs_Write_Write_030,Verbs_Write_Write_030
Verbs_Write_Write_031,Verbs_Write_Write_031
Verbs_Write_Write_032,Verbs_Write_Write_032
Verbs_Write_Write_033,Verbs_Write_Write_033
Verbs_Write_Write_034,Verbs_Write_Write_034
Verbs_Write_Write_035,Verbs_Write_Write_035
